OBJECTID,Site_Name,State,latitude,longitude,Operational_Status,Reporting_Component,Is_Joint_Base,timezone,current_time,current_temperature_2m,current_relative_humidity_2m,current_apparent_temperature,current_is_day,current_precipitation,current_rain,current_showers,current_snowfall,current_weather_code,current_cloud_cover,current_pressure_msl,current_surface_pressure,current_wind_speed_10m,current_wind_direction_10m,current_wind_gusts_10m,daily_temperature_2m_max_7day_avg,daily_temperature_2m_min_7day_avg,daily_temperature_2m_mean_7day_avg,daily_apparent_temperature_max_7day_avg,daily_apparent_temperature_min_7day_avg,daily_precipitation_sum_7day_avg,daily_rain_sum_7day_avg,daily_snowfall_sum_7day_avg,daily_wind_speed_10m_max_7day_avg,daily_wind_gusts_10m_max_7day_avg,daily_sunshine_duration_7day_avg,daily_uv_index_max_7day_avg,daily_shortwave_radiation_sum_7day_avg,daily_precipitation_hours_7day_avg,daily_et0_fao_evapotranspiration_7day_avg,Cluster
1,Altus Air Force Base,,34.66638888888889,-99.26805555555556,act,xlsx,,America/Chicago,2026-03-03T10:00,66.4,66,61.5,1,0.0,0.0,0.0,0.0,3,100,1009.6,962.1,24.1,202,40.0,75.57142857142857,51.199999999999996,62.542857142857144,69.81428571428572,45.5,2.235714285714286,0.46428571428571425,0.0,34.41428571428572,58.31428571428571,34771.26857142857,5.8428571428571425,17.247142857142858,2.0,4.267142857142857,2
2,Joint Base Anacostia-Bolling,,38.84277777777778,-77.01611111111112,act,xlsx,,America/New_York,2026-03-03T11:00,33.5,100,29.5,1,0.0,0.0,0.0,0.0,45,100,1031.3,1030.3,1.8,360,2.5,66.44285714285715,47.785714285714285,56.300000000000004,65.4,43.614285714285714,2.2142857142857144,0.7999999999999999,0.08,16.942857142857143,44.48571428571428,25730.16285714286,4.25,11.45142857142857,5.0,2.07,1
3,Joint Base Andrews-Naval Air Facility Washington,,38.81083333333333,-76.86694444444444,act,xlsx,,America/New_York,2026-03-03T11:00,33.2,100,28.5,1,0.0,0.0,0.0,0.0,45,100,1031.4,1021.2,3.8,17,4.0,65.44285714285715,46.55714285714286,55.214285714285715,64.17142857142856,41.699999999999996,1.9114285714285713,0.74,0.06999999999999999,17.95714285714286,48.75714285714286,26108.441428571427,4.428571428571429,11.734285714285715,5.285714285714286,2.0571428571428574,1
4,Arnold Air Force Base,,35.3925,-86.08583333333333,act,xlsx,,America/Chicago,2026-03-03T10:00,61.9,67,56.0,1,0.0,0.0,0.0,0.0,2,78,1022.4,984.2,23.5,169,42.5,72.62857142857142,57.31428571428571,63.57142857142857,70.54285714285714,55.74285714285714,1.6142857142857143,1.157142857142857,0.0,22.485714285714288,43.94285714285714,32852.014285714286,4.885714285714286,14.248571428571427,1.5714285714285714,2.792857142857143,2
5,Barksdale Air Force Base,,32.50194444444445,-93.66277777777778,act,xlsx,,America/Chicago,2026-03-03T10:00,70.1,80,69.8,1,0.0,0.0,0.0,0.0,3,100,1018.0,1012.3,20.0,172,37.8,80.85714285714286,64.55714285714285,72.1,81.47142857142856,66.17142857142856,5.385714285714286,2.642857142857143,0.0,18.900000000000002,38.199999999999996,28377.042857142857,5.385714285714286,13.06857142857143,3.7142857142857144,3.3314285714285714,2
6,Beale Air Force Base,,39.13611111111111,-121.4363888888889,act,xlsx,,America/Los_Angeles,2026-03-03T08:00,48.4,92,46.0,1,0.0,0.0,0.0,0.0,0,3,1019.5,1015.6,5.0,180,8.6,66.74285714285715,43.84285714285714,54.300000000000004,64.05714285714285,38.68571428571429,0.0,0.0,0.0,17.657142857142855,28.900000000000002,37830.70714285714,5.285714285714286,18.405714285714286,0.0,3.1514285714285712,0
7,Cannon Air Force Base,,34.382777777777775,-103.32222222222222,act,xlsx,,America/Denver,2026-03-03T09:00,67.9,24,60.1,1,0.0,0.0,0.0,0.0,0,0,1009.0,868.5,14.2,277,25.2,71.84285714285714,42.4,56.24285714285714,61.84285714285714,34.98571428571428,0.0,0.0,0.0,33.042857142857144,52.971428571428575,38206.21142857143,6.171428571428572,19.99857142857143,0.0,5.304285714285714,0
8,Joint Base Charleston,,32.89861111111111,-80.04055555555556,act,xlsx,,America/New_York,2026-03-03T11:00,59.8,78,58.3,1,0.0,0.0,0.0,0.0,2,75,1028.8,1027.3,9.2,31,16.9,77.85714285714286,59.528571428571425,66.91428571428573,79.01428571428572,60.228571428571435,0.17142857142857143,0.0,0.0,15.457142857142857,31.428571428571427,34976.112857142856,6.278571428571429,18.204285714285714,1.4285714285714286,3.5799999999999996,2
9,Columbus Air Force Base,,33.64388888888889,-88.44388888888889,act,xlsx,,America/Chicago,2026-03-03T10:00,64.5,87,63.4,1,0.0,0.0,0.0,0.0,3,100,1021.9,1014.7,18.1,159,38.5,76.55714285714285,61.1,67.34285714285714,76.84285714285714,61.614285714285714,4.628571428571428,2.042857142857143,0.0,18.728571428571428,39.74285714285714,21512.11142857143,4.257142857142857,10.164285714285715,4.857142857142857,2.2328571428571427,2
10,Creech Air Force Base,,36.58722222222222,-115.67333333333332,act,xlsx,,America/Los_Angeles,2026-03-03T08:00,53.7,37,49.2,1,0.0,0.0,0.0,0.0,0,0,1018.3,910.4,0.5,315,7.2,66.12857142857142,46.357142857142854,55.91428571428571,57.51428571428572,39.5,0.014285714285714287,0.0,0.0,24.8,33.24285714285714,38087.474285714285,6.028571428571429,20.080000000000002,0.14285714285714285,4.42,0
11,Davis–Monthan Air Force Base,,32.16638888888889,-110.88305555555554,act,xlsx,,America/Phoenix,2026-03-03T09:00,70.2,18,63.2,1,0.0,0.0,0.0,0.0,0,0,1012.7,923.0,8.3,185,9.4,78.64285714285714,55.628571428571426,66.51428571428572,70.9,47.94285714285714,0.0,0.0,0.0,27.285714285714285,35.44285714285714,38659.85428571428,6.735714285714286,21.97714285714286,0.0,6.388571428571429,0
12,Dover Air Force Base,,39.12833333333333,-75.46472222222222,act,xlsx,,America/New_York,2026-03-03T11:00,38.2,95,32.8,1,0.0,0.0,0.0,0.0,3,100,1030.9,1030.3,9.4,92,15.1,60.1,41.74285714285714,51.028571428571425,58.042857142857144,35.42857142857143,1.4214285714285713,0.6285714285714287,0.0,24.114285714285717,49.32857142857143,24379.829999999998,3.9785714285714286,10.268571428571429,3.857142857142857,1.6085714285714285,1
13,Dyess Air Force Base,,32.420833333333334,-99.85472222222222,act,xlsx,,America/Chicago,2026-03-03T10:00,70.9,62,64.6,1,0.0,0.0,0.0,0.0,0,6,1009.4,948.2,32.8,193,57.6,75.58571428571429,58.01428571428572,66.0,71.89999999999999,53.82857142857143,2.6999999999999997,0.07142857142857142,0.0,35.128571428571426,60.57142857142857,27802.260000000002,4.835714285714286,13.072857142857144,5.0,3.63,2
14,Edwards Air Force Base,,34.90555555555555,-117.88361111111112,act,xlsx,,America/Los_Angeles,2026-03-03T08:00,45.0,68,40.9,1,0.0,0.0,0.0,0.0,0,0,1017.3,935.0,2.9,30,4.3,67.54285714285713,46.199999999999996,56.31428571428571,59.5,38.714285714285715,0.1285714285714286,0.0,0.0,33.08571428571428,52.357142857142854,37073.16142857143,6.107142857142857,19.774285714285714,0.8571428571428571,5.051428571428572,0
15,Eglin Air Force Base,,30.48333333333333,-86.53333333333333,act,xlsx,,America/Chicago,2026-03-03T10:00,66.5,85,66.7,1,0.0,0.0,0.0,0.0,0,16,1024.4,1021.3,17.2,123,32.8,76.10000000000001,60.87142857142857,67.48571428571428,78.67142857142858,62.24285714285714,0.0,0.0,0.0,17.12857142857143,26.900000000000002,35679.59285714286,6.542857142857143,19.398571428571426,0.0,3.391428571428571,2
16,Ellsworth Air Force Base,,44.145,-103.1036111111111,act,xlsx,,America/Denver,2026-03-03T09:00,48.5,28,38.0,1,0.0,0.0,0.0,0.0,0,11,1017.8,905.2,18.6,350,36.0,58.32857142857143,34.08571428571428,45.471428571428575,49.6,23.97142857142857,1.1428571428571428,0.2285714285714286,0.55,32.028571428571425,46.9,32205.505714285715,3.957142857142857,12.92,1.4285714285714286,3.0242857142857145,0
17,Francis E. Warren Air Force Base,,41.13305555555556,-104.86694444444444,act,xlsx,,America/Denver,2026-03-03T09:00,38.8,93,31.9,1,0.0,0.0,0.0,0.0,3,100,1017.6,810.6,14.8,359,25.9,50.44285714285714,31.7,40.528571428571425,40.800000000000004,19.914285714285715,2.3000000000000003,1.4285714285714286,0.6,35.75714285714286,59.642857142857146,31445.10714285714,5.2,15.709999999999999,2.142857142857143,2.9728571428571433,1
18,Fairchild Air Force Base,,47.615,-117.65555555555557,act,xlsx,,America/Los_Angeles,2026-03-03T08:00,35.4,84,29.7,1,0.0,0.0,0.0,0.0,3,100,1018.7,929.6,6.6,167,19.4,48.1,34.142857142857146,41.17142857142857,39.800000000000004,26.82857142857143,0.09999999999999999,0.05714285714285715,0.0,25.900000000000002,45.41428571428571,24337.555714285718,2.9714285714285715,9.635714285714286,0.42857142857142855,1.4428571428571428,1
19,Fort George G. Meade,,39.10694444444445,-76.74305555555556,act,xlsx,,America/New_York,2026-03-03T11:00,32.7,99,27.5,1,0.0,0.0,0.0,0.0,45,100,1031.3,1022.5,5.6,27,6.8,64.34285714285714,45.028571428571425,53.82857142857143,63.08571428571428,40.300000000000004,2.475714285714286,1.0757142857142856,0.15,17.47142857142857,43.91428571428571,24669.65428571429,4.0,11.258571428571429,4.571428571428571,1.912857142857143,1
20,Gila Bend Air Force Auxiliary Field,,32.8875,-112.72,act,xlsx,,America/Phoenix,2026-03-03T09:00,66.5,25,61.9,1,0.0,0.0,0.0,0.0,0,0,1012.7,982.6,1.8,143,5.4,80.74285714285715,57.471428571428575,68.31428571428572,73.75714285714285,51.357142857142854,0.0,0.0,0.0,23.357142857142858,31.057142857142857,37779.55857142857,6.2,20.240000000000002,0.0,5.808571428571428,0
21,Goodfellow Air Force Base,,31.42944444444445,-100.39888888888888,act,xlsx,,America/Chicago,2026-03-03T10:00,71.2,54,65.6,1,0.0,0.0,0.0,0.0,0,4,1010.7,946.7,25.8,195,44.6,78.07142857142857,60.34285714285714,68.24285714285715,75.67142857142858,58.0,5.828571428571428,0.3,0.0,30.7,52.75714285714286,24247.615714285716,4.928571428571429,12.42,5.857142857142857,3.564285714285714,2
22,Grand Forks Air Force Base,,47.96111111111112,-97.40111111111112,act,xlsx,,America/Chicago,2026-03-03T10:00,15.5,91,6.6,1,0.0,0.0,0.0,0.0,3,91,1019.2,983.8,11.2,327,16.2,36.17142857142857,19.857142857142858,28.099999999999998,28.514285714285716,9.457142857142857,1.0714285714285714,0.32857142857142857,0.44,28.457142857142856,51.957142857142856,23064.079999999998,3.542857142857143,10.577142857142857,2.5714285714285716,0.8085714285714286,1
23,Hanscom Air Force Base,,42.47,-71.28916666666666,act,xlsx,,America/New_York,2026-03-03T11:00,29.7,56,21.5,1,0.0,0.0,0.0,0.0,3,100,1035.4,1030.3,9.5,209,23.8,45.357142857142854,31.314285714285713,37.81428571428571,40.628571428571426,24.985714285714288,4.788571428571428,4.231428571428571,0.33999999999999997,14.657142857142858,47.18571428571429,19057.53142857143,2.8857142857142857,9.797142857142857,7.285714285714286,1.1685714285714286,1
24,Hill Air Force Base,,41.12388888888889,-111.97277777777778,act,xlsx,,America/Denver,2026-03-03T09:00,40.0,91,35.7,1,0.0,0.0,0.0,0.0,3,87,1022.5,857.0,5.4,262,6.5,48.17142857142857,34.471428571428575,40.614285714285714,42.771428571428565,26.985714285714288,1.7742857142857142,0.7714285714285714,0.5328571428571428,17.3,27.057142857142857,35475.09857142857,4.464285714285714,15.435714285714285,5.0,2.0885714285714285,1
25,Homey Airport,,37.23333333333333,-115.80833333333334,act,xlsx,,America/Los_Angeles,2026-03-03T08:00,42.7,68,37.0,1,0.0,0.0,0.0,0.0,0,0,1018.9,865.2,7.7,332,18.0,59.142857142857146,39.871428571428574,49.028571428571425,48.857142857142854,29.942857142857143,0.014285714285714287,0.0,0.0,30.37142857142857,40.31428571428571,37377.07714285714,5.8428571428571425,19.925714285714285,0.14285714285714285,4.082857142857143,0
26,Holloman Air Force Base,,32.8525,-106.10638888888889,act,xlsx,,America/Denver,2026-03-03T09:00,62.4,19,55.6,1,0.0,0.0,0.0,0.0,0,0,1011.3,875.6,5.4,176,7.2,72.94285714285715,50.199999999999996,61.68571428571429,66.27142857142857,42.98571428571428,0.0,0.0,0.0,20.214285714285715,25.557142857142857,38359.32857142857,6.807142857142857,21.004285714285714,0.0,5.298571428571429,0
27,Hurlburt Field,,30.42777777777778,-86.68944444444445,act,xlsx,,America/Chicago,2026-03-03T10:00,67.0,84,66.1,1,0.0,0.0,0.0,0.0,1,41,1024.3,1023.3,19.5,118,33.5,75.05714285714285,61.857142857142854,67.72857142857143,78.27142857142857,63.18571428571429,0.05714285714285715,0.0,0.0,16.1,28.12857142857143,36471.21142857143,6.614285714285714,19.52285714285714,0.2857142857142857,3.314285714285714,2
28,Keesler Air Force Base,,30.411388888888887,-88.92361111111111,act,xlsx,,America/Chicago,2026-03-03T10:00,67.2,93,67.9,1,0.0,0.0,0.0,0.0,3,100,1023.1,1022.6,18.5,114,34.2,75.71428571428571,64.74285714285715,69.55714285714285,78.78571428571429,67.21428571428571,0.014285714285714287,0.0,0.0,16.742857142857144,30.385714285714283,35497.60142857143,6.464285714285714,19.06857142857143,0.14285714285714285,3.3085714285714287,2
29,Kegelman Air Force Auxiliary Field,,36.73805555555556,-98.1261111111111,act,xlsx,,America/Chicago,2026-03-03T10:00,54.0,81,51.2,1,0.0,0.0,0.0,0.0,3,100,1010.5,967.2,8.8,261,14.4,68.58571428571429,47.92857142857143,57.714285714285715,63.82857142857143,41.385714285714286,0.8285714285714285,0.05714285714285715,0.0,28.414285714285715,53.385714285714286,28506.079999999998,5.135714285714286,13.694285714285714,2.142857142857143,3.1514285714285717,0
30,Kirtland Air Force Base,,35.040277777777774,-106.60916666666668,act,xlsx,,America/Denver,2026-03-03T09:00,56.5,22,50.2,1,0.0,0.0,0.0,0.0,0,0,1013.7,838.9,3.1,339,13.7,65.45714285714286,44.51428571428572,54.971428571428575,56.471428571428575,35.68571428571429,0.0,0.0,0.0,25.071428571428573,39.81428571428571,38367.34142857143,6.4071428571428575,20.967142857142857,0.0,4.808571428571429,0
31,Joint Base Langley–Eustis,,37.08277777777778,-76.36055555555555,act,xlsx,,America/New_York,2026-03-03T11:00,44.3,95,42.1,1,0.0,0.0,0.0,0.0,3,100,1030.6,1030.3,1.8,53,5.4,69.78571428571429,50.614285714285714,59.771428571428565,67.84285714285714,47.34285714285714,0.34285714285714286,0.07142857142857142,0.0,20.842857142857145,43.51428571428572,28193.757142857143,5.271428571428571,13.724285714285715,1.1428571428571428,2.6342857142857143,1
32,Laughlin Air Force Base,,29.35944444444445,-100.77805555555555,act,xlsx,,America/Chicago,2026-03-03T10:00,66.9,85,65.1,1,0.0,0.0,0.0,0.0,3,100,1013.6,975.6,23.5,130,33.8,83.41428571428571,65.95714285714287,73.15714285714286,82.52857142857144,65.27142857142857,1.6114285714285717,0.08285714285714287,0.0,30.857142857142858,53.58571428571429,22278.352857142858,5.078571428571428,11.37857142857143,3.142857142857143,3.6214285714285714,2
33,Joint Base Lewis-McChord,,47.1475,-122.47944444444444,act,xlsx,,America/Los_Angeles,2026-03-03T08:00,45.7,95,43.3,1,0.0,0.0,0.0,0.0,3,100,1017.9,1007.3,3.8,229,15.5,51.699999999999996,42.08571428571429,47.0,46.642857142857146,36.957142857142856,0.9542857142857143,0.8685714285714285,0.0,16.057142857142857,35.22857142857143,13762.194285714284,2.164285714285714,5.392857142857143,2.2857142857142856,0.9871428571428572,1
34,Little Rock Air Force Base,,34.91694444444444,-92.1463888888889,act,xlsx,,America/Chicago,2026-03-03T10:00,60.5,82,58.5,1,0.0,0.0,0.0,0.0,3,91,1018.7,1007.6,13.7,194,35.6,75.11428571428571,58.9,66.27142857142857,75.97142857142856,58.74285714285714,6.278571428571428,2.242857142857143,0.0,19.32857142857143,45.385714285714286,24521.652857142857,4.5,10.487142857142857,5.0,2.2399999999999998,2
35,Luke Air Force Base,,33.535,-112.38305555555554,act,xlsx,,America/Phoenix,2026-03-03T09:00,69.9,23,61.8,1,0.0,0.0,0.0,0.0,0,0,1012.5,974.9,15.4,53,31.3,79.21428571428571,58.214285714285715,68.18571428571428,73.48571428571428,51.5,0.0,0.0,0.0,22.928571428571427,30.599999999999998,38793.62714285714,6.128571428571428,20.43285714285714,0.0,5.611428571428571,0
36,MacDill Air Force Base,,27.849444444444444,-82.52111111111111,act,xlsx,,America/New_York,2026-03-03T11:00,74.9,75,80.2,1,0.0,0.0,0.0,0.0,1,28,1023.4,1023.0,10.5,52,21.2,81.28571428571429,65.3,72.01428571428572,85.10000000000001,66.5,0.8571428571428571,0.0,0.0,21.457142857142856,35.42857142857143,37937.287142857145,7.042857142857143,20.544285714285714,0.8571428571428571,4.2057142857142855,2
37,Malmstrom Air Force Base,,47.50472222222222,-111.18722222222225,act,xlsx,,America/Denver,2026-03-03T09:00,44.7,28,33.2,1,0.0,0.0,0.0,0.0,0,0,1017.5,895.8,21.1,240,35.6,48.699999999999996,31.942857142857143,39.371428571428574,37.642857142857146,22.985714285714288,3.2214285714285715,1.4071428571428573,1.27,32.82857142857143,53.271428571428565,26535.85714285714,3.857142857142857,11.392857142857142,3.7142857142857144,2.1142857142857143,1
38,Maxwell Air Force Base,,32.37916666666667,-86.3625,act,xlsx,,America/Chicago,2026-03-03T10:00,63.8,80,61.7,1,0.0,0.0,0.0,0.0,3,100,1024.9,1019.0,17.2,116,31.0,81.04285714285713,60.800000000000004,69.78571428571429,81.85714285714286,61.642857142857146,1.2571428571428573,0.0,0.0,15.62857142857143,32.714285714285715,30722.46857142857,6.135714285714286,15.955714285714285,2.7142857142857144,3.467142857142857,2
39,McConnell Air Force Base,,37.62305555555555,-97.26722222222222,act,xlsx,,America/Chicago,2026-03-03T10:00,51.3,86,47.7,1,0.0,0.0,0.0,0.0,3,100,1011.4,962.9,10.9,81,15.1,66.10000000000001,48.271428571428565,56.614285714285714,61.07142857142857,42.18571428571429,2.042857142857143,1.2,0.0,23.0,51.314285714285724,23457.644285714287,4.678571428571429,13.094285714285714,2.7142857142857144,2.845714285714286,1
40,Joint Base McGuire–Dix–Lakehurst,,40.01916666666666,-74.52277777777778,act,xlsx,,America/New_York,2026-03-03T11:00,35.7,95,29.8,1,0.1,0.1,0.0,0.0,51,100,1031.8,1028.1,9.4,67,30.6,57.84285714285714,39.457142857142856,48.07142857142857,55.67142857142858,34.05714285714286,2.56,2.0314285714285716,0.0,16.428571428571427,43.3,18461.87142857143,3.2142857142857144,8.064285714285715,4.714285714285714,1.3171428571428572,1
41,Minot Air Force Base,,48.41583333333333,-101.35805555555557,act,xlsx,,America/Chicago,2026-03-03T10:00,18.6,88,11.0,1,0.0,0.0,0.0,0.0,1,37,1018.6,955.2,7.2,127,7.9,41.81428571428571,21.071428571428573,31.12857142857143,32.05714285714286,10.614285714285714,0.04285714285714286,0.04285714285714286,0.0,27.32857142857143,47.614285714285714,32026.145714285714,3.5142857142857147,11.462857142857144,0.42857142857142855,1.47,1
42,Moody Air Force Base,,30.967777777777776,-83.19277777777778,act,xlsx,,America/New_York,2026-03-03T11:00,62.5,85,61.5,1,0.0,0.0,0.0,0.0,3,88,1026.5,1018.3,13.9,65,20.2,82.68571428571428,61.6,70.97142857142858,85.32857142857142,62.58571428571428,0.32857142857142857,0.0,0.0,13.985714285714286,32.785714285714285,32166.68,6.6000000000000005,18.187142857142856,0.7142857142857143,3.858571428571428,2
43,Mountain Home Air Force Base,,43.04361111111111,-115.8725,act,xlsx,,America/Boise,2026-03-03T09:00,38.1,87,33.2,1,0.0,0.0,0.0,0.0,0,0,1021.5,913.8,5.7,108,7.6,56.042857142857144,37.24285714285714,45.542857142857144,47.01428571428572,27.857142857142858,0.7857142857142857,0.7857142857142857,0.0,30.8,42.042857142857144,32619.35714285714,4.55,15.858571428571429,0.7142857142857143,2.827142857142857,0
44,Nellis Air Force Base,,36.23611111111112,-115.03416666666666,act,xlsx,,America/Los_Angeles,2026-03-03T08:00,62.8,26,56.6,1,0.0,0.0,0.0,0.0,0,0,1017.1,952.4,6.3,66,10.4,72.02857142857142,53.68571428571429,62.4,63.08571428571429,45.07142857142857,0.0,0.0,0.0,30.685714285714287,43.214285714285715,37125.439999999995,5.985714285714286,19.80857142857143,0.0,5.715714285714286,0
45,North Auxiliary Airfield,,33.61694444444444,-81.08305555555555,act,xlsx,,America/New_York,2026-03-03T11:00,52.1,86,48.2,1,0.0,0.0,0.0,0.0,3,100,1029.6,1017.9,12.9,30,17.6,76.64285714285714,56.9,65.8,77.2,56.08571428571429,0.4714285714285715,0.0,0.0,16.085714285714285,33.48571428571429,31403.59,6.135714285714286,17.147142857142857,1.4285714285714286,3.437142857142857,2
46,Offutt Air Force Base,,41.11944444444445,-95.90861111111111,act,xlsx,,America/Chicago,2026-03-03T10:00,42.6,84,38.7,1,0.0,0.0,0.0,0.0,3,85,1015.9,978.7,4.2,149,4.3,62.357142857142854,42.55714285714286,52.385714285714286,54.94285714285714,34.55714285714286,0.9142857142857143,0.3,0.0,26.185714285714287,50.81428571428571,25441.532857142854,4.557142857142857,12.959999999999999,1.4285714285714286,2.9585714285714286,1
47,Pope Field,,35.170833333333334,-79.01444444444445,act,xlsx,,America/New_York,2026-03-03T11:00,47.9,77,44.1,1,0.0,0.0,0.0,0.0,3,99,1031.0,1023.5,6.3,24,7.9,75.25714285714285,55.84285714285714,64.55714285714285,74.42857142857143,54.128571428571426,0.12857142857142856,0.0,0.0,17.685714285714287,41.542857142857144,32203.492857142857,5.585714285714286,15.15857142857143,1.2857142857142858,3.1914285714285713,2
48,Robins Air Force Base,,32.64,-83.59166666666667,act,xlsx,,America/New_York,2026-03-03T11:00,57.1,83,54.6,1,0.0,0.0,0.0,0.0,3,100,1027.4,1017.3,11.7,81,20.5,79.51428571428572,59.642857142857146,68.7,80.94285714285715,59.942857142857136,0.6714285714285714,0.0,0.0,12.071428571428571,27.642857142857142,28291.40428571429,6.085714285714286,15.675714285714287,1.0,3.287142857142857,2
49,Rome Research Site,,43.22111111111112,-10.256666666666666,act,xlsx,,Etc/GMT+1,2026-03-03T15:00,56.1,90,54.0,1,0.0,0.0,0.0,0.0,0,0,1016.9,1016.9,11.9,14,17.6,54.957142857142856,52.51428571428572,53.82857142857143,48.84285714285714,42.199999999999996,4.3,2.5285714285714285,0.0,40.58571428571429,57.24285714285715,26632.61285714286,3.7785714285714285,11.25,6.571428571428571,2.0485714285714285,1
50,Joint Base San Antonio,,29.448888888888888,-98.44888888888887,act,xlsx,,America/Chicago,2026-03-03T10:00,72.9,65,72.2,1,0.0,0.0,0.0,0.0,3,100,1016.0,989.7,16.2,180,26.6,86.88571428571429,67.4,74.57142857142857,85.48571428571428,67.9,0.6285714285714284,0.04285714285714286,0.0,25.47142857142857,46.271428571428565,27308.70857142857,5.371428571428572,13.477142857142857,1.4285714285714286,4.027142857142858,2
51,Scott Air Force Base,,38.54527777777778,-89.83527777777778,act,xlsx,,America/Chicago,2026-03-03T10:00,42.7,95,39.9,1,0.0,0.0,0.0,0.0,3,100,1019.1,1003.0,2.3,129,14.0,66.01428571428572,49.857142857142854,58.18571428571429,64.37142857142858,45.971428571428575,6.935714285714286,5.885714285714286,0.0,23.25714285714286,46.82857142857143,23077.62142857143,4.271428571428571,10.43142857142857,4.285714285714286,2.0485714285714285,1
52,Seymour Johnson Air Force Base,,35.339444444444446,-77.96055555555556,act,xlsx,,America/New_York,2026-03-03T11:00,45.3,92,41.1,1,0.0,0.0,0.0,0.0,3,100,1031.1,1028.2,9.3,36,13.0,74.58571428571429,55.18571428571429,63.642857142857146,73.91428571428571,53.357142857142854,0.2571428571428572,0.0,0.0,19.514285714285712,43.25714285714286,34648.94285714286,5.485714285714286,15.994285714285715,2.142857142857143,3.1457142857142855,2
53,Shaw Air Force Base,,33.973055555555554,-80.47277777777778,act,xlsx,,America/New_York,2026-03-03T11:00,51.5,81,47.3,1,0.0,0.0,0.0,0.0,3,100,1030.1,1021.2,11.9,25,15.1,77.2,56.4,65.78571428571429,77.65714285714286,55.771428571428565,0.35714285714285715,0.0,0.0,15.900000000000002,34.957142857142856,33617.857142857145,6.1000000000000005,17.487142857142857,2.142857142857143,3.527142857142857,2
54,Sheppard Air Force Base,,33.98888888888889,-98.49194444444444,act,xlsx,,America/Chicago,2026-03-03T10:00,70.0,70,65.8,1,0.0,0.0,0.0,0.0,0,6,1011.6,976.9,28.3,198,48.2,75.78571428571429,55.55714285714286,65.42857142857143,72.21428571428571,50.57142857142857,2.0385714285714287,0.1142857142857143,0.0,31.942857142857143,55.42857142857143,31932.43571428571,5.228571428571429,14.874285714285715,3.2857142857142856,3.792857142857143,2
55,Tinker Air Force Base,,35.414722222222224,-97.38666666666668,act,xlsx,,America/Chicago,2026-03-03T10:00,69.0,64,61.4,1,0.0,0.0,0.0,0.0,0,4,1010.5,966.5,37.0,193,61.2,71.22857142857143,52.714285714285715,61.771428571428565,67.92857142857143,46.728571428571435,1.842857142857143,0.15714285714285717,0.0,34.04285714285714,57.08571428571429,25764.66857142857,4.985714285714286,13.005714285714287,2.4285714285714284,3.2142857142857144,2
56,Tonopah Test Range Airport,,37.79472222222222,-116.7786111111111,act,xlsx,,America/Los_Angeles,2026-03-03T08:00,39.7,52,31.3,1,0.0,0.0,0.0,0.0,0,0,1020.1,832.7,13.2,334,18.0,54.699999999999996,34.32857142857143,44.028571428571425,44.785714285714285,24.02857142857143,0.04285714285714286,0.0,0.02,27.414285714285715,38.357142857142854,37575.16571428572,5.571428571428571,19.525714285714287,0.14285714285714285,3.6799999999999997,0
57,Travis Air Force Base,,38.26277777777778,-121.9275,act,xlsx,,America/Los_Angeles,2026-03-03T08:00,49.6,96,48.1,1,0.0,0.0,0.0,0.0,0,17,1020.2,1018.5,4.4,235,15.1,66.55714285714285,46.15714285714286,55.08571428571429,61.642857142857146,40.114285714285714,0.0,0.0,0.0,26.228571428571428,38.199999999999996,37567.51142857143,5.421428571428572,19.06142857142857,0.0,3.4814285714285718,0
58,Tyndall Air Force Base,,30.078611111111112,-85.57638888888889,act,xlsx,,America/Chicago,2026-03-03T10:00,70.4,75,71.6,1,0.0,0.0,0.0,0.0,1,21,1024.5,1023.7,15.4,106,24.8,78.48571428571428,62.34285714285715,69.15714285714286,80.81428571428572,62.857142857142854,0.0,0.0,0.0,18.842857142857145,27.67142857142857,37886.71428571428,6.707142857142857,20.110000000000003,0.0,3.7714285714285714,2
59,United States Air Force Academy,,38.99027777777778,-104.85833333333332,act,xlsx,,America/Denver,2026-03-03T09:00,44.6,68,34.0,1,0.0,0.0,0.0,0.0,0,6,1014.0,795.8,27.4,357,34.2,55.24285714285714,33.042857142857144,43.17142857142857,47.48571428571428,24.771428571428572,2.3385714285714285,1.7314285714285715,0.4242857142857143,22.0,38.1,34440.14,5.964285714285714,18.505714285714284,1.7142857142857142,3.2528571428571427,0
60,Vance Air Force Base,,36.339444444444446,-97.91722222222222,act,xlsx,,America/Chicago,2026-03-03T10:00,59.4,81,55.7,1,0.0,0.0,0.0,0.0,3,100,1009.9,964.5,18.4,219,37.8,70.22857142857143,48.114285714285714,58.300000000000004,65.55714285714285,41.41428571428571,0.8428571428571429,0.1142857142857143,0.0,31.114285714285717,56.72857142857142,30175.19428571429,4.964285714285714,14.049999999999999,2.0,3.27,2
61,Whiteman Air Force Base,,38.73027777777778,-93.54805555555556,act,xlsx,,America/Chicago,2026-03-03T10:00,44.1,98,39.3,1,0.0,0.0,0.0,0.0,3,100,1015.0,984.1,12.0,106,20.5,64.8,47.371428571428574,54.94285714285714,61.699999999999996,41.65714285714286,1.592857142857143,0.7357142857142857,0.0,25.228571428571428,50.4,25109.489999999998,3.792857142857143,12.817142857142857,4.714285714285714,2.3042857142857143,1
62,Wright-Patterson Air Force Base,,39.82305555555556,-84.04944444444445,act,xlsx,,America/New_York,2026-03-03T11:00,45.8,85,41.0,1,0.0,0.0,0.0,0.0,3,100,1020.3,990.4,10.6,204,31.3,61.785714285714285,46.857142857142854,54.471428571428575,58.15714285714285,42.885714285714286,6.9399999999999995,5.914285714285714,0.0,22.3,47.65714285714286,18208.90142857143,2.9714285714285715,7.6085714285714285,8.142857142857142,1.4171428571428575,1
63,Abston Air National Guard Station,,32.35611111111111,-86.34666666666666,act,xlsx,,America/Chicago,2026-03-03T10:00,63.9,81,61.8,1,0.0,0.0,0.0,0.0,3,100,1024.9,1018.8,17.7,117,31.7,80.89999999999999,61.02857142857143,69.77142857142857,81.77142857142857,61.84285714285714,1.2571428571428573,0.0,0.0,15.457142857142857,33.17142857142857,31058.375714285714,6.135714285714286,15.934285714285716,2.7142857142857144,3.4499999999999997,2
64,Atlantic City Air National Guard Base,,39.44805555555556,-74.58166666666666,act,xlsx,,America/New_York,2026-03-03T11:00,40.7,94,34.8,1,0.0,0.0,0.0,0.0,3,100,1031.2,1029.3,12.6,85,25.6,57.15714285714286,40.385714285714286,48.614285714285714,54.89999999999999,34.642857142857146,2.5214285714285714,1.4642857142857142,0.0,17.685714285714287,48.18571428571429,21651.850000000002,3.564285714285714,8.459999999999999,5.285714285714286,1.2514285714285713,1
65,Bangor Air National Guard Base,,44.814166666666665,-68.83083333333333,act,xlsx,,America/New_York,2026-03-03T11:00,33.0,37,22.0,1,0.0,0.0,0.0,0.0,0,2,1033.2,1025.8,21.6,195,40.3,43.1,22.614285714285717,32.8,35.785714285714285,15.542857142857143,2.611428571428571,1.1928571428571428,0.992857142857143,19.099999999999998,48.6,26976.609999999997,3.664285714285714,11.471428571428572,3.5714285714285716,1.2100000000000002,1
66,Barnes Air National Guard Base,,42.16555555555556,-72.72055555555556,act,xlsx,,America/New_York,2026-03-03T11:00,27.4,62,20.9,1,0.0,0.0,0.0,0.0,3,100,1033.4,1023.2,3.3,139,18.0,44.971428571428575,29.557142857142857,37.028571428571425,40.68571428571429,23.514285714285712,6.392857142857143,5.45,0.53,12.471428571428572,34.971428571428575,17125.154285714285,2.7785714285714285,9.209999999999999,7.285714285714286,1.1342857142857143,1
67,Battle Creek Air National Guard Base,,42.30722222222222,-3.420833333333334,act,xlsx,,Europe/Madrid,2026-03-03T17:00,53.4,62,49.6,1,0.0,0.0,0.0,0.0,1,36,1016.7,898.3,10.5,68,26.3,51.300000000000004,37.785714285714285,43.82857142857143,47.05714285714286,32.92857142857143,3.25,2.6957142857142857,0.0,12.428571428571429,29.0,27043.152857142857,3.6,11.251428571428573,8.0,1.5371428571428571,1
68,Berry Field Air National Guard Base,,36.126666666666665,-86.68194444444445,act,xlsx,,America/Chicago,2026-03-03T10:00,62.9,71,58.4,1,0.0,0.0,0.0,0.0,2,56,1022.0,1001.2,21.0,185,45.4,74.14285714285714,59.08571428571429,65.71428571428571,72.71428571428571,58.18571428571429,1.9285714285714286,1.4000000000000001,0.0,20.057142857142857,51.199999999999996,28262.54142857143,4.292857142857143,10.845714285714285,1.1428571428571428,2.5300000000000002,2
69,Biddle Air National Guard Base,,40.19972222222222,-75.14805555555556,act,xlsx,,America/New_York,2026-03-03T11:00,33.8,96,27.5,1,0.1,0.1,0.0,0.0,51,100,1031.8,1018.8,9.6,77,28.4,55.371428571428574,40.1,47.07142857142857,53.285714285714285,34.614285714285714,4.045714285714285,3.174285714285714,0.06999999999999999,14.985714285714286,40.728571428571435,20976.948571428573,2.792857142857143,8.938571428571429,5.285714285714286,1.3342857142857143,1
70,Bradley Air National Guard Base,,41.93888888888888,-72.68333333333334,act,xlsx,,America/New_York,2026-03-03T11:00,27.6,78,22.2,1,0.0,0.0,0.0,0.0,3,100,1033.8,1027.2,1.1,90,15.8,44.65714285714286,30.428571428571427,37.17142857142857,40.1,24.7,5.361428571428571,4.704285714285715,0.35000000000000003,11.328571428571427,35.74285714285714,15382.124285714284,2.7142857142857144,8.852857142857143,6.285714285714286,1.1371428571428572,1
71,Brunswick Air National Guard Station,,31.2475,-10.358055555555556,act,xlsx,,Etc/GMT+1,2026-03-03T15:00,54.9,84,48.9,1,0.7,0.0,0.7,0.0,95,100,1010.2,1010.2,22.9,254,32.0,60.528571428571425,57.58571428571429,59.0,54.44285714285714,47.67142857142857,3.2142857142857144,0.0,0.0,41.81428571428571,59.5,35756.83571428571,6.3,18.298571428571428,6.285714285714286,3.1271428571428572,2
72,Burlington Air National Guard Base,,44.47277777777778,-73.14666666666668,act,xlsx,,America/New_York,2026-03-03T11:00,33.3,58,22.4,1,0.0,0.0,0.0,0.0,3,95,1030.0,1017.1,23.7,171,43.6,42.18571428571429,27.557142857142857,35.214285714285715,35.0,20.214285714285715,3.64,2.9714285714285715,0.4471428571428571,21.157142857142855,42.271428571428565,27706.420000000002,3.685714285714286,11.332857142857142,3.5714285714285716,1.2142857142857142,1
73,Camp Murray Air National Guard Station,,47.11805555555556,-122.56,act,xlsx,,America/Los_Angeles,2026-03-03T08:00,46.5,87,41.8,1,0.0,0.0,0.0,0.0,3,100,1017.9,1007.9,11.2,230,23.0,51.75714285714286,41.92857142857143,46.871428571428574,46.57142857142857,36.54285714285714,0.7571428571428571,0.6571428571428571,0.0,16.4,37.5,13870.442857142858,2.2714285714285714,5.9,1.8571428571428572,1.0257142857142856,1
74,Camp Rilea,,46.12916666666667,-123.94388888888888,act,xlsx,,America/Los_Angeles,2026-03-03T08:00,49.2,96,43.4,1,0.0,0.0,0.0,0.0,3,100,1018.2,1015.3,20.2,221,37.8,49.528571428571425,45.01428571428571,47.55714285714286,45.5,38.971428571428575,3.182857142857143,2.575714285714286,0.0,20.885714285714283,30.699999999999996,11507.864285714284,1.9857142857142858,4.732857142857142,10.0,0.7814285714285714,1
75,Capital Airport Air National Guard Station,,39.844166666666666,-89.67805555555556,act,xlsx,,America/Chicago,2026-03-03T10:00,39.5,98,34.8,1,0.1,0.1,0.0,0.0,51,100,1018.1,996.1,7.7,143,16.2,62.628571428571426,46.08571428571429,54.285714285714285,58.3,41.385714285714286,11.19,8.864285714285714,0.0,23.814285714285713,45.457142857142856,25763.268571428573,3.6285714285714286,11.36,5.714285714285714,2.1157142857142857,1
76,Channel Islands Air National Guard Station,,34.115,-119.11027777777775,act,xlsx,,America/Los_Angeles,2026-03-03T08:00,57.8,90,55.7,1,0.0,0.0,0.0,0.0,0,4,1016.7,1016.3,14.1,148,22.3,68.9,52.15714285714286,59.542857142857144,65.68571428571428,45.74285714285714,0.21428571428571427,0.04285714285714286,0.0,28.428571428571427,39.271428571428565,37090.33,5.778571428571429,19.782857142857146,0.8571428571428571,4.188571428571429,0
77,Charlotte Air National Guard Base,,35.21611111111111,-80.93194444444445,act,xlsx,,America/New_York,2026-03-03T11:00,45.1,88,41.4,1,0.0,0.0,0.0,0.0,3,100,1030.1,1002.4,6.3,31,6.8,75.28571428571429,54.285714285714285,63.285714285714285,74.65714285714286,53.24285714285714,0.07142857142857142,0.0,0.0,15.385714285714286,36.81428571428571,31289.375714285714,5.428571428571429,15.704285714285714,0.14285714285714285,3.0357142857142856,2
78,Dallas Air Guard Station,,32.74,-96.97,act,xlsx,,America/Chicago,2026-03-03T10:00,71.5,73,69.1,1,0.0,0.0,0.0,0.0,3,100,1014.2,997.1,25.8,195,45.4,76.78571428571429,64.71428571428571,69.91428571428571,78.05714285714285,64.05714285714285,18.354285714285712,11.585714285714285,0.0,23.400000000000002,49.357142857142854,19868.97428571429,3.9642857142857144,10.055714285714286,7.285714285714286,2.6485714285714286,2
79,Des Moines Air National Guard Base,,41.53833333333333,-93.65944444444445,act,xlsx,,America/Chicago,2026-03-03T10:00,40.8,87,36.1,1,0.0,0.0,0.0,0.0,3,100,1017.7,982.3,6.8,148,12.2,59.5,40.699999999999996,49.67142857142857,52.142857142857146,33.51428571428571,1.457142857142857,0.3,0.0,25.02857142857143,49.41428571428572,24406.705714285716,3.8642857142857143,11.704285714285716,2.2857142857142856,2.41,1
80,Dobbins Air Reserve Base,,33.915277777777774,-84.51638888888888,act,xlsx,,America/New_York,2026-03-03T11:00,51.3,91,46.6,1,0.0,0.0,0.0,0.0,3,100,1026.6,989.0,16.6,103,30.2,75.78571428571429,57.58571428571429,65.22857142857143,75.44285714285715,56.25714285714286,2.8142857142857145,1.157142857142857,0.0,16.5,32.042857142857144,30016.38142857143,5.871428571428572,15.454285714285714,5.285714285714286,3.09,2
81,Duke Field,,30.650277777777777,-86.52277777777778,act,xlsx,,America/Chicago,2026-03-03T10:00,70.6,69,70.1,1,0.0,0.0,0.0,0.0,0,12,1024.3,1017.4,16.3,137,30.2,79.65714285714286,60.5,68.58571428571429,81.55714285714285,61.728571428571435,0.0,0.0,0.0,18.485714285714288,28.742857142857144,38675.45285714285,6.571428571428571,20.047142857142855,0.0,3.8114285714285714,2
82,Duluth Air National Guard Base,,46.84222222222223,-92.19361111111112,act,xlsx,,America/Chicago,2026-03-03T10:00,33.5,97,26.9,1,0.0,0.0,0.0,0.0,3,100,1018.2,965.2,11.0,229,25.9,42.457142857142856,28.67142857142857,34.714285714285715,34.67142857142857,18.17142857142857,2.0142857142857142,1.6714285714285715,0.04,26.285714285714285,55.857142857142854,18733.62142857143,3.0285714285714285,7.642857142857143,3.0,0.8428571428571429,1
83,Eastern Air Defense Sector,,43.21638888888889,-9.256666666666666,act,xlsx,,Europe/Madrid,2026-03-03T17:00,62.5,66,60.4,1,0.0,0.0,0.0,0.0,0,2,1016.3,1016.3,9.1,9,20.2,57.199999999999996,49.785714285714285,52.9,53.971428571428575,43.5,4.557142857142857,3.885714285714286,0.0,22.342857142857145,43.34285714285714,19873.164285714283,3.3785714285714286,9.478571428571428,7.857142857142857,1.7871428571428571,1
84,Ebbing Air National Guard Base,,35.336666666666666,-94.3675,act,xlsx,,America/Chicago,2026-03-03T10:00,63.8,78,65.1,1,0.0,0.0,0.0,0.0,3,100,1015.2,999.3,3.6,84,29.2,73.57142857142857,58.199999999999996,65.38571428571429,74.12857142857142,57.128571428571426,7.590000000000001,3.685714285714286,0.0,19.157142857142855,41.05714285714286,21051.06857142857,3.0785714285714287,8.915714285714285,4.428571428571429,1.9714285714285715,2
85,Ellington Field Joint Reserve Base,,29.607222222222223,-95.1588888888889,act,xlsx,,America/Chicago,2026-03-03T10:00,76.3,73,77.2,1,0.0,0.0,0.0,0.0,1,27,1019.0,1017.9,21.2,165,33.1,80.88571428571429,68.2,73.0,83.04285714285713,70.97142857142858,0.2642857142857143,0.2642857142857143,0.0,21.74285714285714,41.92857142857143,32567.67714285714,6.642857142857143,17.427142857142858,0.7142857142857143,3.5214285714285714,2
86,Fargo Air National Guard Base,,46.92055555555555,-96.81583333333332,act,xlsx,,America/Chicago,2026-03-03T10:00,36.0,87,30.5,1,0.0,0.0,0.0,0.0,3,100,1017.9,984.2,6.5,273,10.4,46.385714285714286,26.842857142857145,35.48571428571429,38.871428571428574,17.0,3.1999999999999997,1.2285714285714284,1.2099999999999997,31.62857142857143,58.15714285714286,25288.29,3.6571428571428575,10.778571428571428,3.5714285714285716,1.0585714285714285,1
87,Forbes Field Air National Guard Base,,38.95111111111111,-95.66583333333334,act,xlsx,,America/Chicago,2026-03-03T10:00,42.9,100,39.7,1,0.0,0.0,0.0,0.0,45,100,1014.0,975.2,5.4,90,15.8,61.25714285714286,44.67142857142857,53.199999999999996,55.128571428571426,37.9,2.457142857142857,0.18571428571428572,0.0,27.2,50.300000000000004,24731.02571428571,3.4285714285714284,12.081428571428571,2.857142857142857,2.434285714285714,1
88,Fort Bliss,,31.801944444444445,-106.42472222222224,act,xlsx,,America/Denver,2026-03-03T09:00,70.4,16,63.9,1,0.0,0.0,0.0,0.0,0,0,1012.4,884.0,5.2,254,19.1,74.97142857142856,54.42857142857143,64.82857142857144,66.32857142857144,47.94285714285714,0.0,0.0,0.0,27.37142857142857,40.300000000000004,38575.874285714286,6.7,21.262857142857143,0.0,5.8100000000000005,0
89,Fort Dodge Air National Guard Station,,42.55055555555556,-6.569444444444445,act,xlsx,,Europe/Madrid,2026-03-03T17:00,62.7,40,56.0,1,0.0,0.0,0.0,0.0,1,18,1015.0,946.7,14.6,100,34.9,56.114285714285714,41.457142857142856,47.84285714285714,51.82857142857143,37.357142857142854,5.757142857142857,5.214285714285714,0.0,11.728571428571428,25.714285714285715,23512.145714285714,3.642857142857143,10.922857142857142,6.571428571428571,1.75,1
90,Fort Wayne Air National Guard Base,,40.97833333333333,-85.19500000000001,act,xlsx,,America/Indiana/Indianapolis,2026-03-03T11:00,34.1,85,27.6,1,0.0,0.0,0.0,0.0,3,100,1019.1,988.9,9.1,72,11.2,61.44285714285714,41.48571428571428,51.285714285714285,55.68571428571429,36.01428571428571,4.042857142857143,2.9957142857142856,0.0,25.62857142857143,52.08571428571429,22372.17142857143,3.2285714285714286,10.108571428571429,4.571428571428571,1.8157142857142858,1
91,Naval Air Station Joint Reserve Base Fort Worth,,32.76916666666666,-97.44166666666668,act,xlsx,,America/Chicago,2026-03-03T10:00,70.5,75,68.7,1,0.0,0.0,0.0,0.0,3,100,1013.3,990.9,23.1,191,45.7,76.08571428571429,62.75714285714286,68.8,76.25714285714285,61.471428571428575,7.828571428571428,4.1,0.0,28.3,54.05714285714286,17529.002857142856,3.75,9.198571428571428,6.0,2.59,2
92,Francis S. Gabreski Air National Guard Base,,40.83694444444445,-72.64222222222223,act,xlsx,,America/New_York,2026-03-03T11:00,32.5,80,24.7,1,0.0,0.0,0.0,0.0,3,100,1034.5,1032.8,12.6,85,27.7,44.32857142857143,34.028571428571425,39.41428571428571,38.528571428571425,26.37142857142857,5.564285714285714,5.107142857142857,0.09,22.657142857142855,44.84285714285714,18147.932857142856,3.0785714285714287,8.147142857142857,7.142857142857143,0.9414285714285714,1
93,Fresno Air National Guard Base,,36.77611111111111,-119.73055555555555,act,xlsx,,America/Los_Angeles,2026-03-03T08:00,50.4,92,48.5,1,0.0,0.0,0.0,0.0,0,10,1019.4,1007.2,5.4,352,10.8,69.21428571428571,49.042857142857144,58.614285714285714,64.9,43.785714285714285,0.014285714285714287,0.0,0.0,16.185714285714287,29.985714285714288,37503.397142857146,5.6499999999999995,19.60571428571429,0.14285714285714285,3.7842857142857147,0
94,General Mitchell Air National Guard Base,,42.947222222222216,-87.89666666666668,act,xlsx,,America/Chicago,2026-03-03T10:00,37.4,71,31.2,1,0.0,0.0,0.0,0.0,1,49,1020.0,994.8,7.2,162,11.2,52.628571428571426,35.74285714285715,43.68571428571429,45.028571428571425,28.542857142857144,1.9357142857142857,1.7214285714285715,0.0,27.3,48.74285714285714,23472.44,3.1357142857142857,11.142857142857142,2.7142857142857144,1.8085714285714285,1
95,Gowen Field Air National Guard Base,,43.56444444444444,-116.22277777777778,act,xlsx,,America/Boise,2026-03-03T09:00,40.4,91,35.9,1,0.0,0.0,0.0,0.0,0,6,1021.0,918.7,6.5,161,13.0,54.971428571428575,37.67142857142857,45.58571428571428,47.142857142857146,29.842857142857145,3.282857142857143,3.082857142857143,0.13999999999999999,23.114285714285717,33.74285714285714,31950.345714285715,4.228571428571429,14.974285714285713,0.8571428571428571,2.4757142857142855,1
96,Great Falls Air National Guard Base,,47.48194444444445,-21.85611111111111,act,xlsx,,Etc/GMT+1,2026-03-03T15:00,53.1,92,39.7,1,0.2,0.2,0.0,0.0,53,100,1014.9,1014.9,51.8,185,72.4,52.9,46.57142857142857,49.67142857142857,42.17142857142857,31.728571428571428,7.028571428571429,5.057142857142857,0.09,53.67142857142857,74.15714285714286,13224.401428571427,1.9642857142857142,7.822857142857143,11.714285714285714,2.072857142857143,1
97,Greeley Air National Guard Station,,40.42361111111111,-9.74388888888889,act,xlsx,,Etc/GMT+1,2026-03-03T15:00,58.6,82,55.5,1,0.0,0.0,0.0,0.0,0,3,1014.1,1014.1,15.7,9,21.6,56.642857142857146,53.68571428571429,55.32857142857143,50.300000000000004,42.199999999999996,5.185714285714285,3.357142857142857,0.0,43.642857142857146,61.9,22368.5,4.264285714285714,10.827142857142858,6.857142857142857,2.1928571428571426,1
98,Grissom Air Reserve Base,,40.64805555555556,-86.15222222222222,act,xlsx,,America/Indiana/Indianapolis,2026-03-03T11:00,36.2,92,29.6,1,0.0,0.0,0.0,0.0,3,100,1019.2,988.9,11.6,120,20.9,60.9,43.199999999999996,52.32857142857143,55.042857142857144,37.785714285714285,6.402857142857143,4.8100000000000005,0.0,27.042857142857144,54.357142857142854,20685.16285714286,3.3000000000000003,9.608571428571429,5.142857142857143,1.7757142857142856,1
99,Goldwater Air National Guard Base,,33.42666666666666,-112.01194444444444,act,xlsx,,America/Phoenix,2026-03-03T09:00,68.3,25,63.9,1,0.0,0.0,0.0,0.0,0,0,1012.6,973.7,1.8,143,10.1,80.0,60.628571428571426,70.11428571428571,74.31428571428572,54.41428571428571,0.0,0.0,0.0,20.542857142857144,26.642857142857142,38749.24428571429,6.1499999999999995,20.57857142857143,0.0,5.63,0
100,Gulfport Combat Readiness Training Center,,30.40722222222222,-89.07,act,xlsx,,America/Chicago,2026-03-03T10:00,67.2,92,68.3,1,0.0,0.0,0.0,0.0,3,100,1023.0,1022.3,16.4,119,33.1,76.42857142857143,64.9,70.2,79.57142857142857,67.48571428571428,0.07142857142857142,0.0,0.0,16.62857142857143,31.428571428571427,34709.53428571428,6.535714285714286,19.00142857142857,0.42857142857142855,3.3957142857142855,2
101,Hall Air Guard Station,,31.329444444444444,-8.424166666666666,act,xlsx,,Africa/Casablanca,2026-03-03T16:00,53.9,44,44.9,1,0.0,0.0,0.0,0.0,2,64,1007.4,921.4,20.2,286,35.3,57.728571428571435,43.91428571428571,50.285714285714285,53.385714285714286,39.199999999999996,1.957142857142857,1.5714285714285714,0.0,16.071428571428573,28.985714285714288,35036.28142857143,5.714285714285714,16.46,2.2857142857142856,2.448571428571429,0
102,Hancock Field Air National Guard Base,,43.11138888888889,-76.1236111111111,act,xlsx,,America/New_York,2026-03-03T11:00,37.5,71,30.1,1,0.0,0.0,0.0,0.0,3,100,1027.3,1011.2,12.0,164,25.2,47.74285714285714,33.2,41.028571428571425,42.44285714285714,25.942857142857143,4.378571428571428,3.65,0.0,21.785714285714285,44.44285714285714,19203.97428571429,3.3,8.622857142857143,6.714285714285714,1.302857142857143,1
103,Harrisburg Air Station Middletown,,40.19361111111111,-76.76333333333334,act,xlsx,,America/New_York,2026-03-03T11:00,32.4,96,26.6,1,0.0,0.0,0.0,0.0,3,100,1031.0,1019.5,7.4,129,19.8,60.84285714285714,42.228571428571435,50.4,59.214285714285715,37.114285714285714,3.66,1.8642857142857143,0.08,17.2,40.65714285714286,22376.052857142855,3.25,9.528571428571428,6.285714285714286,1.4985714285714287,1
104,Homestead Air Reserve Base,,25.488333333333333,-80.38361111111112,act,xlsx,,America/New_York,2026-03-03T11:00,79.2,73,82.9,1,0.0,0.0,0.0,0.0,1,25,1022.0,1021.9,21.7,71,29.5,80.78571428571429,72.38571428571429,75.62857142857142,83.0,73.77142857142857,0.9857142857142858,0.0,0.0,26.3,36.214285714285715,39145.00428571429,7.121428571428572,20.114285714285717,2.4285714285714284,4.452857142857143,2
105,Hulman Field Air National Guard Base,,39.45138888888889,-87.30749999999999,act,xlsx,,America/Indiana/Indianapolis,2026-03-03T11:00,39.5,98,34.4,1,0.5,0.5,0.0,0.0,61,100,1018.9,997.3,9.5,61,10.8,63.199999999999996,47.942857142857136,55.785714285714285,59.614285714285714,43.98571428571428,14.224285714285713,12.471428571428572,0.0,24.32857142857143,50.300000000000004,21013.66857142857,3.3642857142857143,9.610000000000001,8.0,1.8314285714285714,1
106,Jackson Air National Guard Base,,32.31111111111111,-90.07583333333334,act,xlsx,,America/Chicago,2026-03-03T10:00,69.1,79,68.1,1,0.0,0.0,0.0,0.0,3,83,1021.3,1009.6,20.1,170,36.4,78.91428571428571,63.885714285714286,70.51428571428572,80.38571428571429,65.52857142857144,1.6714285714285713,0.05714285714285715,0.0,17.185714285714287,41.58571428571429,32287.88857142857,4.514285714285714,13.41,4.428571428571429,2.954285714285714,2
107,Jacksonville Air National Guard Base,,30.49416666666667,-81.68777777777778,act,xlsx,,America/New_York,2026-03-03T11:00,63.2,84,62.3,1,0.0,0.0,0.0,0.0,3,100,1026.1,1025.3,13.8,28,21.6,81.28571428571429,61.614285714285714,69.62857142857142,83.35714285714286,63.51428571428572,0.1285714285714286,0.05714285714285715,0.0,17.585714285714285,31.014285714285712,33089.95714285714,6.571428571428571,18.53,0.7142857142857143,3.8757142857142854,2
108,Jefferson Barracks Air National Guard Station,,38.50388888888889,-4.504444444444444,act,xlsx,,Europe/Madrid,2026-03-03T17:00,64.1,49,57.1,1,0.0,0.0,0.0,0.0,3,100,1009.7,937.2,21.3,84,45.0,55.857142857142854,42.65714285714286,48.800000000000004,51.42857142857143,38.214285714285715,3.1714285714285713,1.4428571428571428,0.0,15.928571428571429,33.74285714285714,26348.557142857142,3.9214285714285713,11.934285714285712,6.428571428571429,1.9557142857142857,1
109,Joe Foss Field Air National Guard Station,,43.581944444444446,-96.74194444444444,act,xlsx,,America/Chicago,2026-03-03T10:00,39.4,92,34.1,1,0.0,0.0,0.0,0.0,3,100,1016.6,964.2,9.0,113,11.2,59.17142857142857,37.385714285714286,47.58571428571429,51.31428571428571,28.75714285714286,1.1857142857142855,0.09999999999999999,0.01,28.357142857142858,57.68571428571429,24511.47428571429,4.321428571428571,11.474285714285713,2.5714285714285716,2.4385714285714286,1
110,Johnstown Air National Guard Station,,40.32305555555556,-6.313888888888889,act,xlsx,,Europe/Madrid,2026-03-03T17:00,62.8,50,59.2,1,0.0,0.0,0.0,0.0,1,21,1012.5,945.8,7.7,208,23.8,55.2,43.628571428571426,48.94285714285714,51.385714285714286,39.971428571428575,2.5285714285714285,1.9285714285714286,0.0,10.599999999999998,30.02857142857143,22029.601428571426,4.314285714285714,10.624285714285715,7.285714285714286,1.637142857142857,1
111,Key Field Air National Guard Base,,32.3325,-88.75194444444445,act,xlsx,,America/Chicago,2026-03-03T10:00,65.0,88,65.3,1,0.0,0.0,0.0,0.0,3,100,1022.2,1011.8,13.9,149,32.4,80.62857142857142,61.27142857142858,69.41428571428571,82.0,62.814285714285724,0.41428571428571426,0.0,0.0,13.957142857142857,33.642857142857146,27552.574285714283,5.957142857142857,13.777142857142858,1.5714285714285714,2.947142857142857,2
112,Kingsley Field Air National Guard Base,,42.15611111111111,-121.73305555555557,act,xlsx,,America/Los_Angeles,2026-03-03T08:00,30.6,100,25.8,1,0.0,0.0,0.0,0.0,45,100,1019.7,874.3,2.9,263,4.3,52.728571428571435,32.92857142857143,41.542857142857144,46.6,26.97142857142857,0.4642857142857143,0.4471428571428571,0.012857142857142859,16.82857142857143,24.32857142857143,35277.102857142854,4.9071428571428575,16.25857142857143,0.5714285714285714,2.1371428571428575,1
113,Lincoln Air National Guard Base,,40.85111111111111,-96.75916666666669,act,xlsx,,America/Chicago,2026-03-03T10:00,41.7,86,38.5,1,0.0,0.0,0.0,0.0,3,100,1015.6,972.0,1.1,108,2.5,64.3,43.0,53.214285714285715,56.642857142857146,34.27142857142857,0.8142857142857143,0.07142857142857142,0.0,28.057142857142857,54.15714285714286,27345.22857142857,5.142857142857143,14.505714285714285,1.1428571428571428,3.4471428571428575,1
114,Louisville Air National Guard Base,,38.17805555555555,-85.72472222222223,act,xlsx,,America/Kentucky/Louisville,2026-03-03T11:00,53.7,85,50.2,1,0.0,0.0,0.0,0.0,3,100,1019.4,1001.8,12.7,188,42.8,66.51428571428572,53.285714285714285,60.057142857142864,65.55714285714285,51.57142857142857,4.46,3.2714285714285714,0.0,20.042857142857144,48.75714285714286,20569.26142857143,3.342857142857143,8.555714285714286,6.142857142857143,1.5971428571428572,1
115,Mansfield Lahm Air National Guard Base,,40.81361111111111,-82.51666666666667,act,xlsx,,America/New_York,2026-03-03T11:00,38.9,97,33.0,1,0.0,0.0,0.0,0.0,3,100,1020.0,972.0,11.9,175,28.8,58.199999999999996,41.57142857142857,50.614285714285714,53.24285714285714,35.285714285714285,6.545714285714285,5.674285714285714,0.0,24.642857142857142,53.628571428571426,22926.27142857143,2.6357142857142857,8.962857142857143,5.428571428571429,1.3757142857142857,1
116,March Joint Air Reserve Base,,33.88055555555555,-117.25944444444444,act,xlsx,,America/Los_Angeles,2026-03-03T08:00,49.7,80,47.6,1,0.0,0.0,0.0,0.0,0,1,1015.6,960.9,2.2,90,5.8,71.34285714285714,50.042857142857144,59.51428571428572,65.94285714285715,45.58571428571429,0.014285714285714287,0.0,0.0,25.599999999999998,30.02857142857143,36597.72285714286,5.6571428571428575,18.251428571428573,0.14285714285714285,4.102857142857142,0
117,McEntire Joint National Guard Base,,33.920833333333334,-80.80111111111111,act,xlsx,,America/New_York,2026-03-03T11:00,52.6,77,48.5,1,0.0,0.0,0.0,0.0,3,95,1030.0,1020.8,11.1,25,14.0,77.32857142857142,56.65714285714286,66.12857142857142,77.74285714285715,56.08571428571429,0.4714285714285714,0.0,0.0,15.071428571428571,33.84285714285714,34828.31857142857,5.985714285714286,17.415714285714284,1.8571428571428572,3.5342857142857147,2
118,McGhee Tyson Air National Guard Base,,35.81083333333333,-83.99388888888889,act,xlsx,,America/New_York,2026-03-03T11:00,64.9,57,60.5,1,0.0,0.0,0.0,0.0,2,65,1024.2,990.0,15.9,218,27.0,75.25714285714285,53.17142857142857,63.04285714285714,73.32857142857142,52.44285714285714,1.2142857142857142,0.41428571428571426,0.0,22.442857142857143,35.471428571428575,35345.48142857143,5.264285714285714,16.38714285714286,2.857142857142857,3.1485714285714286,2
119,McLaughlin Air National Guard Base,,38.37305555555555,-81.59305555555555,act,xlsx,,America/New_York,2026-03-03T11:00,57.2,72,54.9,1,0.0,0.0,0.0,0.0,3,100,1023.4,989.3,6.9,186,25.6,68.31428571428572,52.25714285714286,59.714285714285715,67.38571428571429,50.55714285714286,5.942857142857143,3.8999999999999995,0.0,16.12857142857143,39.74285714285714,26450.42714285714,3.9714285714285715,11.347142857142858,7.428571428571429,2.047142857142857,1
120,Memphis Air National Guard Base,,35.0425,-89.97666666666667,act,xlsx,,America/Chicago,2026-03-03T10:00,66.1,80,63.2,1,0.0,0.0,0.0,0.0,2,77,1020.0,1009.6,23.4,191,41.0,76.7,62.42857142857143,68.51428571428572,75.98571428571428,62.300000000000004,2.5885714285714285,0.4714285714285714,0.0,20.87142857142857,48.971428571428575,27530.87142857143,4.114285714285715,12.37857142857143,4.857142857142857,2.7857142857142856,2
121,Minneapolis-Saint Paul Joint Air Reserve Station,,44.88166666666667,-93.23361111111112,act,xlsx,,America/Chicago,2026-03-03T10:00,40.2,86,35.2,1,0.0,0.0,0.0,0.0,3,100,1018.9,987.8,7.0,192,14.0,55.800000000000004,37.17142857142857,44.357142857142854,49.5,29.942857142857143,0.5142857142857143,0.38571428571428573,0.0,22.914285714285715,51.92857142857143,26286.45857142857,3.2857142857142856,10.071428571428571,1.4285714285714286,1.6885714285714286,1
122,Moffett Federal Airfield,,37.415,-122.04833333333332,act,xlsx,,America/Los_Angeles,2026-03-03T08:00,55.3,93,55.1,1,0.0,0.0,0.0,0.0,3,100,1020.2,1019.8,4.7,122,10.4,67.21428571428571,49.1,57.228571428571435,62.74285714285714,44.58571428571429,0.0,0.0,0.0,18.599999999999998,33.8,36123.07428571428,5.607142857142857,18.84714285714286,0.0,3.2914285714285714,0
123,Montgomery Air National Guard Base,,32.30444444444444,-86.40027777777779,act,xlsx,,America/Chicago,2026-03-03T10:00,64.2,81,61.6,1,0.0,0.0,0.0,0.0,3,100,1024.8,1017.7,20.2,121,31.7,81.0,60.15714285714286,69.2,81.54285714285713,60.58571428571429,1.0714285714285714,0.0,0.0,17.485714285714288,33.385714285714286,30842.244285714285,6.107142857142857,15.977142857142857,2.0,3.4585714285714286,2
124,Morris Air National Guard Base,,32.11527777777778,-110.93055555555556,act,xlsx,,America/Phoenix,2026-03-03T09:00,68.9,19,62.1,1,0.0,0.0,0.0,0.0,0,0,1012.6,923.8,7.6,161,9.0,78.95714285714287,56.228571428571435,66.92857142857143,71.74285714285715,48.800000000000004,0.0,0.0,0.0,28.67142857142857,38.07142857142857,38637.92285714286,6.721428571428571,21.89428571428571,0.0,6.372857142857143,0
125,New Castle Air National Guard Base,,39.68527777777778,-75.59916666666666,act,xlsx,,America/New_York,2026-03-03T11:00,35.9,97,31.4,1,0.0,0.0,0.0,0.0,3,100,1031.6,1029.3,4.8,27,11.5,61.042857142857144,42.714285714285715,51.15714285714286,59.67142857142858,37.714285714285715,3.384285714285714,2.212857142857143,0.01,15.328571428571427,43.41428571428571,22522.88857142857,3.6785714285714284,9.821428571428571,6.571428571428571,1.6014285714285716,1
126,New London Air National Guard Base,,35.41833333333333,-10.335555555555556,act,xlsx,,Etc/GMT+1,2026-03-03T15:00,57.7,78,50.9,1,0.0,0.0,0.0,0.0,3,100,1007.6,1007.6,27.0,93,45.0,59.228571428571435,56.457142857142856,57.91428571428571,54.92857142857143,46.91428571428571,1.5285714285714285,0.4714285714285714,0.0,37.32857142857143,53.385714285714286,29274.778571428567,4.607142857142857,13.735714285714284,5.285714285714286,2.7157142857142853,2
127,Naval Air Station Joint Reserve Base New Orleans,,29.82527777777777,-90.035,act,xlsx,,America/Chicago,2026-03-03T10:00,76.2,70,78.9,1,0.0,0.0,0.0,0.0,0,9,1021.7,1021.9,16.1,132,20.9,83.37142857142858,65.2,73.02857142857144,84.35714285714286,68.41428571428571,1.3857142857142857,0.0,0.0,19.785714285714285,30.5,36579.69571428571,6.1499999999999995,17.47142857142857,1.4285714285714286,3.835714285714286,2
128,Niagara Falls Air Reserve Station,,43.11333333333334,-78.9475,act,xlsx,,America/New_York,2026-03-03T11:00,37.6,78,32.4,1,0.0,0.0,0.0,0.0,3,100,1023.4,1000.3,4.9,54,5.4,48.41428571428571,33.02857142857143,40.357142857142854,42.31428571428571,25.25714285714286,3.011428571428571,2.4828571428571427,0.02,22.400000000000002,47.357142857142854,25170.417142857146,3.164285714285714,9.947142857142856,4.428571428571429,1.3285714285714287,1
129,North Highlands Air National Guard Station,,38.64,-121.4025,act,xlsx,,America/Los_Angeles,2026-03-03T08:00,46.5,98,45.2,1,0.0,0.0,0.0,0.0,3,89,1020.1,1017.7,1.0,315,6.8,67.51428571428572,45.74285714285714,55.471428571428575,63.357142857142854,39.65714285714286,0.0,0.0,0.0,19.728571428571428,34.871428571428574,36963.067142857144,5.3999999999999995,18.898571428571426,0.0,3.447142857142857,0
130,North Smithfield Air National Guard Station,,41.97027777777778,-71.57555555555555,act,xlsx,,America/New_York,2026-03-03T11:00,29.0,64,21.0,1,0.0,0.0,0.0,0.0,2,52,1035.0,1016.1,9.6,167,23.4,44.714285714285715,31.114285714285717,37.542857142857144,40.028571428571425,24.74285714285714,5.808571428571428,5.408571428571428,0.19,15.142857142857142,45.92857142857143,18846.384285714284,2.9,9.758571428571429,6.571428571428571,1.127142857142857,1
131,Otis Air National Guard Base,,41.65861111111111,-70.5213888888889,act,xlsx,,America/New_York,2026-03-03T11:00,33.1,72,24.7,1,0.0,0.0,0.0,0.0,2,70,1036.3,1031.8,14.1,161,23.4,44.67142857142857,30.657142857142862,38.05714285714286,39.471428571428575,24.02857142857143,6.175714285714286,5.875714285714286,0.13999999999999999,20.0,51.2,20511.105714285713,3.1785714285714284,9.675714285714287,7.0,1.092857142857143,1
132,Pease Air National Guard Base,,43.07805555555556,-70.82333333333332,act,xlsx,,America/New_York,2026-03-03T11:00,34.9,33,24.6,1,0.0,0.0,0.0,0.0,3,100,1035.3,1032.3,18.0,200,30.6,45.0,29.900000000000002,36.785714285714285,37.885714285714286,22.428571428571427,7.0,5.042857142857143,1.3599999999999999,20.857142857142858,48.22857142857142,20600.092857142856,3.15,10.185714285714285,8.714285714285714,1.1357142857142857,1
133,Peoria Air National Guard Base,,40.660555555555554,-89.69555555555556,act,xlsx,,America/Chicago,2026-03-03T10:00,39.8,95,35.1,1,0.0,0.0,0.0,0.0,3,100,1018.2,994.3,7.5,145,16.2,61.57142857142857,42.699999999999996,52.371428571428574,56.48571428571428,37.5,2.6642857142857146,1.1357142857142857,0.0,25.400000000000002,46.42857142857143,24191.190000000002,3.557142857142857,11.202857142857143,2.7142857142857144,2.1614285714285715,1
134,Peterson Space Force Base,,38.82361111111111,-104.695,act,xlsx,,America/Denver,2026-03-03T09:00,47.7,53,36.4,1,0.0,0.0,0.0,0.0,0,0,1012.3,808.6,28.1,359,39.2,56.685714285714276,35.34285714285714,45.385714285714286,48.314285714285724,25.97142857142857,1.7,1.5142857142857145,0.12000000000000001,23.32857142857143,29.61428571428571,34185.05285714286,5.9071428571428575,18.212857142857143,1.7142857142857142,3.391428571428572,0
135,Pittsburgh International Airport Air Reserve Station,,40.49444444444445,-50.336666666666666,act,xlsx,,Etc/GMT+3,2026-03-03T13:00,40.8,69,28.7,1,0.0,0.0,0.0,0.0,2,75,1038.2,1038.2,31.2,326,42.1,55.957142857142856,46.300000000000004,51.44285714285714,46.5,36.01428571428571,3.1142857142857143,0.9142857142857144,0.0,46.34285714285714,65.05714285714285,20205.351428571426,4.2214285714285715,9.441428571428572,4.428571428571429,1.7985714285714285,1
136,Portland Air National Guard Base,,45.58222222222223,-122.58972222222222,act,xlsx,,America/Los_Angeles,2026-03-03T08:00,49.0,94,47.7,1,0.0,0.0,0.0,0.0,3,100,1019.5,1019.0,2.1,121,13.3,52.4,44.285714285714285,48.214285714285715,48.885714285714286,40.74285714285714,2.0685714285714285,1.8285714285714287,0.0,11.785714285714286,27.314285714285713,12940.788571428571,2.107142857142857,6.33,3.2857142857142856,0.9985714285714286,1
137,Quonset Point Air National Guard Station,,41.59722222222222,-71.41222222222223,act,xlsx,,America/New_York,2026-03-03T11:00,33.6,73,27.4,1,0.0,0.0,0.0,0.0,1,47,1035.5,1035.2,9.1,146,18.7,44.971428571428575,33.05714285714286,39.028571428571425,40.25714285714286,26.87142857142857,5.160000000000001,4.76,0.13,16.599999999999998,44.07142857142857,19328.524285714288,3.1714285714285713,9.421428571428573,7.142857142857143,1.0742857142857143,1
138,Reno Air National Guard Base,,39.49916666666667,-119.76805555555556,act,xlsx,,America/Los_Angeles,2026-03-03T08:00,36.2,71,31.4,1,0.0,0.0,0.0,0.0,0,0,1019.8,865.9,1.6,333,2.2,55.142857142857146,35.84285714285714,45.199999999999996,47.48571428571428,29.185714285714287,0.0,0.0,0.0,17.714285714285715,26.957142857142856,36134.82,5.578571428571428,18.71,0.0,2.9814285714285718,0
139,Rickenbacker Air National Guard Base,,39.81361111111111,-82.94666666666667,act,xlsx,,America/New_York,2026-03-03T11:00,44.9,92,40.7,1,0.0,0.0,0.0,0.0,3,100,1020.5,992.8,9.0,182,27.7,62.371428571428574,47.142857142857146,54.82857142857143,58.614285714285714,43.142857142857146,6.367142857142857,5.102857142857142,0.0,23.37142857142857,45.5,21917.608571428573,3.2285714285714286,8.31,8.0,1.5014285714285713,1
140,Roland R. Wright Air National Guard Base,,40.78833333333333,-111.97777777777776,act,xlsx,,America/Denver,2026-03-03T09:00,42.3,85,38.5,1,0.0,0.0,0.0,0.0,3,100,1023.0,875.9,3.8,221,7.9,49.75714285714286,34.04285714285714,41.24285714285714,45.41428571428571,27.157142857142855,3.4214285714285713,1.5714285714285714,1.094285714285714,16.5,23.24285714285714,34425.71857142857,4.864285714285714,15.775714285714287,5.285714285714286,2.1714285714285713,1
141,Rosecrans Air National Guard Base,,39.77194444444444,-94.90944444444445,act,xlsx,,America/Chicago,2026-03-03T10:00,40.0,94,35.3,1,0.0,0.0,0.0,0.0,3,100,1015.6,985.4,7.6,82,16.9,61.15714285714286,44.32857142857143,52.785714285714285,54.98571428571428,37.91428571428571,1.8,0.37142857142857144,0.0,23.52857142857143,48.07142857142857,24243.608571428573,3.8714285714285714,12.12142857142857,2.4285714285714284,2.491428571428571,1
142,San Diego Air National Guard Station,,32.83611111111112,-117.16055555555556,act,xlsx,,America/Los_Angeles,2026-03-03T08:00,56.4,86,56.7,1,0.0,0.0,0.0,0.0,0,16,1016.3,1000.1,1.5,166,6.8,69.27142857142857,54.114285714285714,60.08571428571429,65.88571428571429,50.728571428571435,0.042857142857142864,0.042857142857142864,0.0,18.842857142857145,24.27142857142857,34013.444285714286,5.735714285714286,17.245714285714286,0.42857142857142855,3.337142857142857,0
143,Savannah Air National Guard Base,,32.1275,-81.20194444444445,act,xlsx,,America/New_York,2026-03-03T11:00,61.1,82,60.1,1,0.0,0.0,0.0,0.0,3,100,1027.8,1026.3,10.7,45,18.0,80.41428571428571,59.457142857142856,67.72857142857143,82.14285714285714,60.542857142857144,0.12857142857142856,0.0,0.0,16.257142857142856,33.528571428571425,35029.625714285714,6.3428571428571425,18.294285714285714,1.1428571428571428,3.662857142857143,2
144,Schriever Space Force Base,,38.80333333333333,-104.52555555555556,act,xlsx,,America/Denver,2026-03-03T09:00,46.8,52,34.0,1,0.0,0.0,0.0,0.0,0,0,1012.0,806.3,33.1,12,42.8,56.114285714285714,34.25714285714286,44.699999999999996,47.642857142857146,25.042857142857144,2.0571428571428574,1.74,0.21285714285714286,25.914285714285715,39.042857142857144,35755.91428571429,5.957142857142857,18.194285714285716,1.8571428571428572,3.335714285714286,0
145,Selfridge Air National Guard Base,,42.60833333333333,-82.83555555555554,act,xlsx,,America/Detroit,2026-03-03T11:00,35.0,72,28.7,1,0.0,0.0,0.0,0.0,3,100,1022.0,999.9,6.5,84,16.9,51.385714285714286,33.05714285714286,42.228571428571435,45.75714285714286,26.214285714285715,3.4714285714285715,2.8285714285714287,0.0,21.599999999999998,41.857142857142854,20435.5,2.9785714285714286,8.928571428571429,3.7142857142857144,1.4385714285714286,1
146,Sepulveda Air National Guard Station,,34.18583333333333,-5.974444444444445,act,xlsx,,Africa/Casablanca,2026-03-03T16:00,52.1,87,48.5,1,0.7,0.6,0.1,0.0,63,100,1009.4,1003.8,11.8,243,25.2,62.199999999999996,45.699999999999996,53.885714285714286,59.98571428571428,42.55714285714286,3.5571428571428574,1.9142857142857144,0.0,16.414285714285715,31.985714285714288,29695.735714285718,3.642857142857143,13.934285714285712,4.571428571428571,2.1514285714285717,1
147,Shepherd Field Air National Guard Base,,39.401944444444446,-77.98444444444445,act,xlsx,,America/New_York,2026-03-03T11:00,35.4,98,27.7,1,0.0,0.0,0.0,0.0,3,100,1029.0,1008.4,16.6,139,30.6,64.64285714285714,45.94285714285714,54.67142857142857,63.199999999999996,41.91428571428571,3.0500000000000003,1.2642857142857142,0.06999999999999999,19.87142857142857,37.41428571428571,23432.764285714286,3.692857142857143,10.522857142857143,7.571428571428571,1.7485714285714287,1
148,Sioux City Air National Guard Base,,42.39833333333333,-96.37194444444444,act,xlsx,,America/Chicago,2026-03-03T10:00,41.2,88,36.0,1,0.0,0.0,0.0,0.0,3,100,1016.4,975.8,9.2,169,10.4,62.942857142857136,40.542857142857144,51.81428571428571,55.442857142857136,31.02857142857143,0.9,0.04285714285714286,0.0,26.900000000000002,51.48571428571428,26710.947142857138,4.8500000000000005,13.937142857142858,1.5714285714285714,3.317142857142857,1
149,South Portland Air National Guard Station,,43.63333333333333,-10.171666666666669,act,xlsx,,Etc/GMT+1,2026-03-03T15:00,55.8,91,53.7,1,0.0,0.0,0.0,0.0,0,0,1017.1,1017.1,12.1,23,16.9,54.785714285714285,52.51428571428572,53.68571428571429,48.81428571428571,42.357142857142854,3.6857142857142855,2.2285714285714286,0.0,39.41428571428571,56.05714285714286,26176.028571428575,3.9,11.155714285714286,6.0,2.0542857142857143,1
150,Springfield Air National Guard Base,,39.84027777777778,-83.84027777777777,act,xlsx,,America/New_York,2026-03-03T11:00,47.6,85,41.6,1,0.0,0.0,0.0,0.0,3,100,1019.9,981.6,16.7,199,37.1,61.08571428571429,45.98571428571428,53.6,56.199999999999996,41.05714285714286,6.35,5.335714285714286,0.0,26.185714285714287,51.31428571428571,18854.06,2.857142857142857,7.6000000000000005,8.0,1.364285714285714,1
151,Stewart Air National Guard Base,,41.50416666666667,-74.10472222222222,act,xlsx,,America/New_York,2026-03-03T11:00,30.7,89,23.6,1,0.1,0.0,0.0,0.07,73,100,1032.2,1014.3,10.2,132,25.9,45.34285714285714,32.57142857142857,38.65714285714286,41.528571428571425,26.785714285714285,4.378571428571428,3.707142857142857,0.29,11.442857142857145,25.82857142857143,16022.625714285716,2.4714285714285715,8.582857142857142,6.428571428571429,1.102857142857143,1
152,Stratton Air National Guard Base,,42.8525,-73.9225,act,xlsx,,America/New_York,2026-03-03T11:00,30.4,61,22.3,1,0.0,0.0,0.0,0.0,3,100,1031.1,1017.5,9.9,136,20.2,45.042857142857144,28.342857142857145,36.07142857142857,39.92857142857143,21.25714285714286,6.507142857142857,5.607142857142857,0.51,15.785714285714286,38.51428571428572,17113.584285714285,2.7785714285714285,8.785714285714286,7.571428571428571,1.0742857142857143,1
153,Sumpter Smith Air National Guard Base,,33.56388888888888,-86.75222222222222,act,xlsx,,America/Chicago,2026-03-03T10:00,62.6,78,58.7,1,0.0,0.0,0.0,0.0,2,61,1023.5,1001.6,21.7,140,38.5,77.82857142857142,60.785714285714285,68.4,77.64285714285714,60.81428571428571,3.385714285714286,2.528571428571429,0.0,16.32857142857143,34.1,34160.58571428571,5.735714285714286,15.691428571428572,4.714285714285714,3.3442857142857143,2
154,Toledo Air National Guard Base,,41.586666666666666,-6.3966666666666665,act,xlsx,,Europe/Lisbon,2026-03-03T16:00,60.5,47,53.0,1,0.0,0.0,0.0,0.0,1,19,1014.3,929.5,19.2,73,36.7,54.471428571428575,41.614285714285714,47.25714285714286,49.714285714285715,36.471428571428575,4.5928571428571425,3.6499999999999995,0.0,16.95714285714286,32.614285714285714,23399.812857142857,4.342857142857143,10.864285714285714,8.714285714285714,1.6414285714285715,1
155,Truax Field Air National Guard Base,,43.13972222222222,-89.33749999999999,act,xlsx,,America/Chicago,2026-03-03T10:00,39.6,73,33.6,1,0.0,0.0,0.0,0.0,3,100,1019.6,987.6,8.3,180,14.0,56.785714285714285,36.871428571428574,45.714285714285715,49.885714285714286,30.342857142857138,2.442857142857143,2.0428571428571427,0.0,26.62857142857143,50.75714285714286,26632.66714285714,3.4857142857142853,11.52,2.7142857142857144,1.9214285714285713,1
156,Tulsa Air National Guard Base,,36.19833333333333,-95.88805555555555,act,xlsx,,America/Chicago,2026-03-03T10:00,68.8,79,66.6,1,0.0,0.0,0.0,0.0,3,90,1012.1,989.9,24.3,188,51.1,71.57142857142857,53.24285714285714,62.642857142857146,69.61428571428571,48.628571428571426,2.5885714285714285,1.6285714285714286,0.0,26.87142857142857,53.42857142857143,25066.33285714286,3.9285714285714284,12.03,2.2857142857142856,2.86,2
157,Volk Field Air National Guard Base,,43.936388888888885,-90.25972222222222,act,xlsx,,America/Chicago,2026-03-03T10:00,41.2,68,36.5,1,0.0,0.0,0.0,0.0,1,20,1019.6,985.9,3.1,144,7.2,57.114285714285714,36.214285714285715,44.728571428571435,50.48571428571428,28.314285714285713,0.9857142857142858,0.7142857142857143,0.0,24.685714285714287,52.15714285714286,28440.68857142857,3.0285714285714285,11.104285714285714,1.5714285714285714,1.9414285714285715,1
158,Volunteer Air National Guard Station,,35.07333333333334,-92.41916666666668,act,xlsx,,America/Chicago,2026-03-03T10:00,59.7,82,57.9,1,0.0,0.0,0.0,0.0,3,100,1018.4,1006.5,12.0,196,31.7,75.25714285714285,58.1,65.62857142857142,76.82857142857142,57.91428571428571,8.309999999999999,3.7714285714285714,0.0,16.97142857142857,42.642857142857146,24533.907142857144,4.121428571428572,10.168571428571429,5.0,2.1,2
159,Warfield Air National Guard Base,,39.32555555555556,-39.27333333333333,act,xlsx,,Etc/GMT+3,2026-03-03T13:00,55.7,74,46.5,1,0.1,0.1,0.0,0.0,61,100,1028.1,1028.1,32.6,354,46.4,59.31428571428571,52.98571428571428,56.25714285714286,51.17142857142857,41.9,2.9714285714285715,1.7714285714285716,0.0,41.6,58.114285714285714,28390.22,3.7214285714285715,12.421428571428573,3.0,2.948571428571429,1
160,Westover Air Reserve Base,,42.193888888888885,-72.53472222222221,act,xlsx,,America/New_York,2026-03-03T11:00,27.8,69,21.2,1,0.0,0.0,0.0,0.0,3,100,1033.8,1024.6,4.4,171,16.9,44.114285714285714,28.428571428571427,36.31428571428571,39.9,22.714285714285715,6.164285714285714,5.292857142857143,0.5199999999999999,11.828571428571427,32.51428571428571,15750.63142857143,2.8000000000000003,9.14857142857143,7.0,1.1014285714285714,1
161,Will Rogers Air National Guard Base,,35.39305555555556,-97.60083333333333,act,xlsx,,America/Chicago,2026-03-03T10:00,69.9,59,61.1,1,0.0,0.0,0.0,0.0,0,8,1010.1,965.5,39.5,193,60.1,71.64285714285714,52.1,61.57142857142857,68.14285714285714,46.228571428571435,2.05,0.9071428571428571,0.0,34.15714285714286,57.44285714285714,26128.46,5.142857142857143,13.371428571428572,1.8571428571428572,3.334285714285714,2
162,Wyoming Air National Guard Base,,41.16138888888889,-104.81944444444444,act,xlsx,,America/Denver,2026-03-03T09:00,38.5,94,31.2,1,0.0,0.0,0.0,0.0,3,100,1017.5,811.6,16.6,360,26.3,51.18571428571429,32.24285714285714,40.871428571428574,41.05714285714286,20.099999999999998,2.042857142857143,1.3142857142857143,0.5,35.357142857142854,60.228571428571435,31188.217142857142,4.928571428571429,15.617142857142856,2.4285714285714284,3.0714285714285716,1
163,Youngstown Air Reserve Station,,41.26055555555556,-65.34444444444443,act,xlsx,,Etc/GMT+4,2026-03-03T12:00,36.1,69,26.0,1,0.0,0.0,0.0,0.0,2,58,1038.7,1038.7,21.3,154,26.6,48.857142857142854,38.65714285714286,43.885714285714286,40.385714285714286,29.485714285714288,6.621428571428572,6.5928571428571425,0.0,41.67142857142857,59.39999999999999,20195.92142857143,3.3642857142857143,8.734285714285715,6.571428571428571,1.0185714285714285,1
164,Zanesville Air National Guard Base,,39.94638888888888,-7.364722222222221,act,xlsx,,Europe/Lisbon,2026-03-03T16:00,64.5,51,58.2,1,0.0,0.0,0.0,0.0,1,37,1012.6,972.7,19.9,86,40.0,57.25714285714286,44.94285714285714,50.785714285714285,53.357142857142854,40.642857142857146,1.1714285714285713,0.7714285714285715,0.0,15.842857142857143,33.114285714285714,19501.032857142858,4.0285714285714285,10.592857142857143,4.142857142857143,1.7142857142857142,1
165,Guantanamo Bay Naval Base,,19.9,-75.15,act,xlsx,,America/New_York,2026-03-03T11:00,85.7,56,90.7,1,0.0,0.0,0.0,0.0,1,37,1016.3,1012.3,16.2,90,25.9,88.32857142857142,69.38571428571429,78.37142857142858,89.92857142857143,74.77142857142857,0.08571428571428572,0.0,0.0,27.114285714285717,45.042857142857144,38797.70857142857,7.821428571428571,21.78,0.8571428571428571,5.114285714285714,2
166,Hato International Airport,,12.18888888888889,-68.95972222222223,act,xlsx,,America/Curacao,2026-03-03T12:00,81.7,72,82.9,1,0.0,0.0,0.0,0.0,2,45,1012.0,1011.2,38.8,107,53.6,81.45714285714287,79.10000000000001,80.11428571428571,83.62857142857142,80.25714285714287,0.9142857142857144,0.0,0.0,34.714285714285715,46.65714285714286,38440.13285714285,8.514285714285714,21.697142857142858,6.428571428571429,5.032857142857142,2
167,Muñiz Air National Guard Base,,18.439444444444444,-66.00194444444445,act,xlsx,,America/Puerto_Rico,2026-03-03T12:00,86.6,49,87.4,1,0.0,0.0,0.0,0.0,2,76,1017.5,1017.4,25.2,100,48.2,85.8,72.5,77.82857142857142,87.45714285714287,78.2,0.34285714285714286,0.0,0.0,24.771428571428572,50.142857142857146,39350.92428571428,8.207142857142857,19.714285714285715,2.857142857142857,4.507142857142857,2
168,Punta Borinquen Radar Station,,18.485,-67.14888888888889,act,xlsx,,America/Puerto_Rico,2026-03-03T12:00,87.7,45,91.6,1,0.0,0.0,0.0,0.0,2,61,1016.5,1007.8,13.7,90,20.9,84.37142857142858,74.65714285714286,78.39999999999999,86.38571428571429,77.32857142857142,3.9714285714285715,0.0,0.0,28.157142857142855,44.471428571428575,38432.91142857143,7.335714285714286,19.267142857142858,5.285714285714286,4.635714285714286,2
169,Punta Salinas Air National Guard Station,,18.375,-66.26166666666667,act,xlsx,,America/Puerto_Rico,2026-03-03T12:00,83.3,47,82.8,1,0.0,0.0,0.0,0.0,2,75,1017.5,1004.0,23.7,100,51.8,82.35714285714286,68.55714285714285,73.98571428571428,82.44285714285715,72.51428571428572,0.3857142857142857,0.0,0.0,23.47142857142857,54.0,38686.021428571425,8.15,18.641428571428573,2.2857142857142856,4.085714285714286,2
170,Queen Beatrix International Airport,,12.501388888888888,-70.01527777777778,act,xlsx,,America/Aruba,2026-03-03T12:00,81.1,76,82.8,1,0.0,0.0,0.0,0.0,2,46,1011.6,1010.7,39.0,104,52.6,80.68571428571428,79.07142857142857,79.87142857142858,83.22857142857143,79.22857142857143,0.3,0.0,0.0,37.15714285714286,50.24285714285714,38839.659999999996,8.564285714285715,22.864285714285717,2.5714285714285716,5.072857142857143,2
171,Soto Cano Air Base,,14.3825,-87.6211111111111,act,xlsx,,America/Tegucigalpa,2026-03-03T10:00,74.4,60,76.0,1,0.0,0.0,0.0,0.0,1,33,1016.8,946.7,15.4,344,36.0,83.32857142857142,64.51428571428572,72.48571428571428,85.17142857142858,67.15714285714286,3.6571428571428575,0.014285714285714287,0.0,13.657142857142857,31.028571428571432,39300.380000000005,8.67142857142857,22.172857142857143,4.0,4.567142857142857,2
172,St Croix Air National Guard Station,,17.706666666666667,-3.08,act,xlsx,,Africa/Bamako,2026-03-03T16:00,87.0,20,83.4,1,0.0,0.0,0.0,0.0,3,100,1010.3,979.7,5.4,86,10.1,92.35714285714286,73.64285714285714,82.47142857142856,86.25714285714285,67.55714285714285,0.042857142857142864,0.0,0.0,18.414285714285715,29.0,33638.73428571429,6.9071428571428575,20.374285714285715,0.42857142857142855,7.388571428571429,2
173,Ämari Air Base,,59.26222222222222,24.21861111111111,act,xlsx,,Europe/Tallinn,2026-03-03T18:00,35.5,97,26.9,0,0.0,0.0,0.0,0.0,3,100,1014.8,1012.3,19.8,196,44.3,42.94285714285714,30.014285714285712,35.2,35.41428571428572,23.385714285714283,0.15714285714285717,0.15714285714285717,0.0,16.2,37.44285714285714,29106.437142857143,2.107142857142857,8.18142857142857,0.7142857142857143,0.8642857142857142,1
174,Aviano Air Base,,46.03138888888889,12.596944444444444,act,xlsx,,Europe/Rome,2026-03-03T17:00,53.3,86,52.1,1,0.0,0.0,0.0,0.0,80,100,1027.2,1013.4,3.7,331,11.2,58.98571428571428,43.771428571428565,50.6,55.65714285714286,40.05714285714286,0.0,0.0,0.0,7.9142857142857155,17.9,32303.65857142857,3.807142857142857,12.512857142857143,0.0,1.8714285714285714,1
175,Büchel Air Base,,50.17638888888889,7.057777777777778,act,xlsx,,Europe/Berlin,2026-03-03T17:00,56.2,66,52.8,1,0.0,0.0,0.0,0.0,0,0,1025.8,969.3,7.9,218,16.2,57.34285714285714,37.199999999999996,45.785714285714285,52.74285714285714,32.15714285714286,0.0,0.0,0.0,10.842857142857143,22.900000000000002,36300.61142857143,3.392857142857143,13.558571428571428,0.0,1.8057142857142858,0
176,Camp Darby,,43.63333333333333,10.316666666666666,act,xlsx,,Europe/Rome,2026-03-03T17:00,59.1,78,57.8,1,0.0,0.0,0.0,0.0,3,77,1025.5,1024.5,7.6,245,16.2,63.51428571428572,48.5,54.871428571428574,61.08571428571429,44.98571428571428,0.0,0.0,0.0,12.314285714285713,26.3,33031.71857142857,3.8999999999999995,13.594285714285714,0.0,2.1842857142857146,0
177,Camp Lemonnier,,11.543611111111112,43.14861111111111,act,xlsx,,Africa/Djibouti,2026-03-03T19:00,79.0,77,84.3,0,0.0,0.0,0.0,0.0,1,38,1010.9,1009.3,12.9,77,27.7,87.55714285714285,73.14285714285714,78.65714285714286,89.85714285714286,79.81428571428572,0.05714285714285715,0.0,0.0,24.74285714285714,41.300000000000004,39338.41571428572,7.521428571428571,20.291428571428572,0.42857142857142855,4.715714285714285,2
178,Camp Simba,,-2.165555555555556,8.681388888888888,act,xlsx,,Etc/GMT-1,2026-03-03T17:00,82.1,82,89.3,1,0.0,0.0,0.0,0.0,3,100,1008.5,1008.5,16.8,189,24.8,83.64285714285714,81.41428571428571,82.55714285714285,93.65714285714286,89.64285714285714,10.285714285714286,0.0,0.0,17.95714285714286,24.385714285714283,35648.91714285714,8.157142857142857,20.40142857142857,10.714285714285714,4.265714285714286,2
179,Câmpia Turzii (71st Air Base),,46.50333333333333,23.885277777777777,act,xlsx,,Europe/Bucharest,2026-03-03T18:00,51.9,38,45.6,1,0.0,0.0,0.0,0.0,0,0,1026.0,986.5,6.9,351,16.6,54.857142857142854,30.542857142857144,41.75714285714286,48.92857142857143,25.62857142857143,0.0,0.0,0.0,9.614285714285714,19.285714285714285,36378.188571428575,3.814285714285714,13.76,0.0,1.9085714285714286,0
180,Chabelley Airfield,,11.516666666666667,43.06666666666667,act,xlsx,,Africa/Djibouti,2026-03-03T19:00,78.2,77,83.0,0,0.0,0.0,0.0,0.0,1,38,1010.9,1000.8,12.9,77,27.7,86.72857142857143,72.25714285714285,77.81428571428572,88.61428571428571,78.5,0.05714285714285715,0.0,0.0,24.74285714285714,41.300000000000004,39338.41571428572,7.521428571428571,20.291428571428572,0.42857142857142855,4.659999999999999,2
181,Chièvres Air Base,,50.58583333333333,58.06388888888888,act,xlsx,,Asia/Aqtobe,2026-03-03T21:00,26.6,93,15.8,0,0.0,0.0,0.0,0.0,3,100,1016.9,962.3,22.9,196,32.8,28.24285714285714,21.17142857142857,25.042857142857144,17.6,11.357142857142858,1.7571428571428573,0.0,1.1199999999999999,27.314285714285713,40.9,13219.01,4.178571428571429,9.035714285714286,7.285714285714286,0.4985714285714286,1
182,Einsiedlerhof Air Station,,49.42833333333333,7.1175,act,xlsx,,Europe/Berlin,2026-03-03T17:00,58.6,67,57.3,1,0.0,0.0,0.0,0.0,0,0,1026.0,989.3,2.5,275,7.6,58.9,37.84285714285714,46.81428571428571,55.07142857142857,32.285714285714285,0.0,0.0,0.0,10.657142857142857,22.928571428571427,36526.671428571426,3.314285714285714,13.855714285714285,0.0,1.8742857142857143,0
183,Ghedi Air Base,,45.43111111111111,57.17111111111111,act,xlsx,,Asia/Aqtobe,2026-03-03T21:00,35.7,80,28.9,0,0.0,0.0,0.0,0.0,3,95,1021.3,1010.3,10.1,182,15.5,45.699999999999996,31.785714285714285,38.028571428571425,38.228571428571435,25.571428571428573,0.41428571428571426,0.2857142857142857,0.0,15.657142857142857,25.685714285714287,25551.197142857145,3.7357142857142853,11.209999999999999,2.2857142857142856,1.3,1
184,Incirlik Air Base,,37.00194444444445,35.42583333333333,act,xlsx,,Europe/Istanbul,2026-03-03T19:00,56.4,40,50.9,0,0.0,0.0,0.0,0.0,1,18,1021.5,1014.0,6.4,223,20.9,62.4,43.042857142857144,52.07142857142857,58.028571428571425,37.18571428571429,0.6,0.0,0.0,20.442857142857143,38.042857142857144,35610.71571428572,4.8500000000000005,17.509999999999998,1.1428571428571428,3.29,0
185,Izmir Air Station,,38.4575,27.17027777777778,act,xlsx,,Europe/Istanbul,2026-03-03T19:00,58.9,67,57.0,1,0.0,0.0,0.0,0.0,2,70,1023.3,1022.9,5.4,270,16.9,62.028571428571425,40.41428571428571,50.5,56.48571428571428,36.042857142857144,0.1142857142857143,0.08571428571428572,0.0,16.442857142857143,31.014285714285712,38247.43,5.071428571428571,18.034285714285712,0.2857142857142857,2.8871428571428575,0
186,Kleine Brogel Air Base,,51.16944444444445,5.091111111111111,act,xlsx,,Europe/Brussels,2026-03-03T17:00,62.2,56,59.7,1,0.0,0.0,0.0,0.0,0,0,1026.0,1021.9,5.8,321,11.2,62.81428571428571,40.971428571428575,50.214285714285715,60.228571428571435,36.57142857142857,0.0,0.0,0.0,9.128571428571428,19.02857142857143,34610.29,3.2214285714285715,12.491428571428571,0.0,1.7614285714285713,0
187,Lajes Field,,38.76166666666666,-27.09055555555556,act,xlsx,,Atlantic/Azores,2026-03-03T15:00,64.7,77,64.6,1,0.0,0.0,0.0,0.0,3,89,1026.1,1020.1,9.8,234,23.8,58.114285714285714,48.57142857142857,53.614285714285714,53.614285714285714,41.300000000000004,4.640000000000001,4.640000000000001,0.0,28.400000000000002,54.92857142857143,30626.91714285714,4.5285714285714285,14.001428571428571,2.4285714285714284,2.39,1
188,Łask Air Base,,51.55138888888889,76.31944444444444,act,xlsx,,Asia/Qyzylorda,2026-03-03T21:00,20.4,91,13.6,0,0.0,0.0,0.0,0.0,71,79,1025.6,1006.2,4.7,238,6.5,32.300000000000004,22.5,27.542857142857144,23.74285714285714,13.285714285714286,0.6285714285714287,0.21428571428571427,0.25,25.1,38.714285714285715,25918.077142857142,4.064285714285714,10.33,3.7142857142857144,0.8042857142857143,1
189,Morón Air Base,,37.17472222222222,-5.615833333333333,act,xlsx,,Europe/Madrid,2026-03-03T17:00,69.2,52,66.4,1,0.0,0.0,0.0,0.0,2,49,1008.1,998.4,12.0,49,28.1,61.042857142857144,47.6,53.98571428571428,58.65714285714286,44.457142857142856,4.485714285714286,2.628571428571429,0.0,15.114285714285714,30.5,26415.170000000002,3.557142857142857,12.862857142857141,6.428571428571429,2.012857142857143,1
190,NATO Air Base Geilenkirchen,,50.96083333333333,6.0425,act,xlsx,,Europe/Berlin,2026-03-03T17:00,63.5,52,60.7,1,0.0,0.0,0.0,0.0,0,0,1025.9,1016.1,6.1,346,14.0,63.228571428571435,40.67142857142857,50.800000000000004,59.857142857142854,36.22857142857143,0.0,0.0,0.0,11.37142857142857,21.885714285714283,36242.43,3.3000000000000003,13.04142857142857,0.0,1.9614285714285715,0
191,RAF Akrotiri,,34.583333333333336,32.983333333333334,act,xlsx,,Asia/Nicosia,2026-03-03T18:00,59.8,63,54.8,0,0.0,0.0,0.0,0.0,1,41,1022.5,1018.6,16.3,262,28.8,63.114285714285714,48.17142857142857,55.371428571428574,60.68571428571429,44.05714285714286,0.5285714285714286,0.0,0.0,17.085714285714285,30.857142857142858,37667.03428571428,5.6499999999999995,18.577142857142857,1.4285714285714286,3.0214285714285714,0
192,RAF Alconbury,,52.37083333333334,-27.00361111111112,act,xlsx,,Etc/GMT+2,2026-03-03T14:00,42.2,72,28.0,1,0.0,0.0,0.0,0.0,3,100,1009.3,1009.3,40.3,272,58.3,45.0,38.84285714285714,42.15714285714286,33.142857142857146,23.085714285714285,4.857142857142857,3.1757142857142857,0.84,56.857142857142854,79.72857142857143,12526.67,2.1785714285714284,5.798571428571428,14.714285714285714,1.55,1
193,RAF Barford St John,,52.00361111111111,-1.36,act,xlsx,,Europe/London,2026-03-03T16:00,52.5,73,47.9,1,0.0,0.0,0.0,0.0,3,99,1027.4,1013.0,11.5,82,22.0,51.5,39.57142857142857,45.68571428571429,47.01428571428572,34.857142857142854,0.5571428571428572,0.5142857142857143,0.0,15.528571428571428,28.657142857142855,16355.694285714288,1.9928571428571427,7.53,3.4285714285714284,1.002857142857143,1
194,RAF Croughton,,51.9875,-1.1861111111111111,act,xlsx,,Europe/London,2026-03-03T16:00,52.1,73,47.6,1,0.0,0.0,0.0,0.0,3,97,1027.4,1010.9,11.2,76,20.9,51.25714285714286,39.74285714285714,45.728571428571435,46.6,34.91428571428572,0.4714285714285714,0.3857142857142857,0.0,15.9,28.942857142857143,18335.072857142855,2.0571428571428574,7.877142857142857,2.142857142857143,1.0471428571428572,1
195,RAF Fairford,,51.68222222222222,-1.7899999999999998,act,xlsx,,Europe/London,2026-03-03T16:00,54.0,73,49.4,1,0.0,0.0,0.0,0.0,3,95,1026.9,1016.9,13.0,74,23.0,52.714285714285715,41.32857142857143,46.971428571428575,48.42857142857143,36.5,0.5571428571428572,0.4714285714285714,0.0,15.357142857142858,28.400000000000002,17826.981428571427,2.1714285714285713,7.868571428571428,3.0,1.0885714285714285,1
196,RAF Feltwell,,52.47944444444445,0.5191666666666667,act,xlsx,,Europe/London,2026-03-03T16:00,52.1,65,46.9,1,0.0,0.0,0.0,0.0,3,91,1028.4,1026.8,11.2,76,20.2,52.957142857142856,40.84285714285714,46.75714285714286,48.357142857142854,36.68571428571429,0.1285714285714286,0.1285714285714286,0.0,15.200000000000001,28.67142857142857,24958.280000000002,2.1214285714285714,8.648571428571428,1.2857142857142858,1.1885714285714286,1
197,RAF Lakenheath,,52.40833333333333,0.5566666666666668,act,xlsx,,Europe/London,2026-03-03T16:00,52.6,63,47.7,1,0.0,0.0,0.0,0.0,0,5,1028.3,1027.4,9.7,82,18.4,53.228571428571435,40.82857142857143,46.81428571428571,48.82857142857143,36.75714285714286,0.2571428571428572,0.2571428571428572,0.0,14.185714285714285,27.657142857142855,24952.079999999998,2.1142857142857143,8.70142857142857,1.2857142857142858,1.2028571428571428,1
198,RAF Menwith Hill,,54.007777777777775,-35.028055555555554,act,xlsx,,Etc/GMT+2,2026-03-03T14:00,30.7,73,12.3,1,0.1,0.0,0.0,0.0,85,100,1004.3,1004.3,51.0,254,79.6,39.67142857142857,32.2,35.214285714285715,22.814285714285713,13.799999999999999,5.857142857142857,2.085714285714286,0.08,63.614285714285714,97.62857142857142,22666.03142857143,2.335714285714286,8.055714285714286,18.714285714285715,1.4814285714285713,1
199,RAF Mildenhall,,52.365,0.4808333333333333,act,xlsx,,Europe/London,2026-03-03T16:00,53.1,62,47.6,1,0.0,0.0,0.0,0.0,2,58,1028.2,1027.3,12.2,78,22.7,53.67142857142857,40.92857142857143,47.07142857142857,49.05714285714286,36.957142857142856,0.17142857142857143,0.17142857142857143,0.0,15.642857142857142,28.97142857142857,24599.721428571425,2.142857142857143,8.777142857142858,1.2857142857142858,1.2042857142857142,1
200,RAF Molesworth,,52.379444444444445,-0.405,act,xlsx,,Europe/London,2026-03-03T16:00,51.6,72,47.0,1,0.0,0.0,0.0,0.0,3,100,1028.1,1019.2,10.4,56,19.1,52.0,39.614285714285714,45.91428571428571,47.44285714285714,34.857142857142854,0.3,0.3,0.0,14.814285714285715,26.87142857142857,17917.29,2.092857142857143,7.375714285714286,1.2857142857142858,1.0057142857142858,1
201,RAF Welford,,51.46833333333333,-1.403611111111111,act,xlsx,,Europe/London,2026-03-03T16:00,55.0,72,51.8,1,0.0,0.0,0.0,0.0,3,95,1026.7,1008.7,8.6,88,17.3,52.18571428571429,40.785714285714285,46.17142857142857,47.6,35.642857142857146,0.6,0.4714285714285715,0.0,14.714285714285714,27.057142857142857,20896.88857142857,2.307142857142857,8.401428571428571,3.0,1.1085714285714285,1
202,Ramstein Air Base,,49.443888888888885,10.126666666666669,act,xlsx,,Europe/Berlin,2026-03-03T17:00,54.3,59,51.0,1,0.0,0.0,0.0,0.0,1,45,1026.1,988.9,3.6,45,7.9,59.371428571428574,36.25714285714286,46.871428571428574,53.628571428571426,31.5,0.0,0.0,0.0,13.014285714285714,25.67142857142857,34795.82571428571,3.35,12.921428571428573,0.0,1.922857142857143,0
203,Spangdahlem Air Base,,49.97583333333333,6.697222222222223,act,xlsx,,Europe/Berlin,2026-03-03T17:00,59.8,56,57.3,1,0.0,0.0,0.0,0.0,0,0,1025.9,983.9,3.6,257,12.6,60.771428571428565,38.57142857142857,48.08571428571429,56.75714285714286,33.65714285714286,0.0,0.0,0.0,9.985714285714286,23.314285714285713,36307.24,3.2357142857142853,13.575714285714286,0.0,1.9442857142857142,0
204,Stavanger,,58.9075,5.721666666666667,act,xlsx,,Europe/Oslo,2026-03-03T17:00,44.2,83,36.6,1,0.0,0.0,0.0,0.0,3,100,1024.0,1015.2,19.4,271,39.2,46.68571428571429,35.75714285714286,40.714285714285715,40.271428571428565,29.25714285714286,1.9857142857142858,1.5142857142857145,0.0,17.47142857142857,35.51428571428571,22624.27142857143,1.5785714285714287,6.297142857142857,3.142857142857143,0.7914285714285715,1
205,Volkel Air Base,,51.657222222222224,5.690833333333334,act,xlsx,,Europe/Amsterdam,2026-03-03T17:00,61.0,61,58.2,1,0.0,0.0,0.0,0.0,0,0,1026.2,1022.9,8.3,344,14.8,61.042857142857144,39.15714285714286,48.74285714285714,58.371428571428574,34.371428571428574,0.0,0.0,0.0,10.671428571428573,20.97142857142857,34771.34428571429,3.185714285714286,12.032857142857143,0.0,1.6342857142857141,0
206,Abdullah Al Mubarak Air Base (Cargo City),,29.226666666666667,47.98,act,xlsx,,Asia/Kuwait,2026-03-03T19:00,64.9,18,56.8,0,0.0,0.0,0.0,0.0,2,57,1016.7,1010.9,10.7,315,23.0,74.64285714285714,53.728571428571435,63.371428571428574,68.57142857142857,48.08571428571429,0.0,0.0,0.0,18.02857142857143,32.614285714285714,37728.5,5.871428571428572,20.31714285714286,0.0,4.817142857142857,0
207,Al Dhafra Air Base,,24.24805555555556,54.5475,act,xlsx,,Asia/Dubai,2026-03-03T20:00,81.2,49,82.3,0,0.0,0.0,0.0,0.0,1,36,1010.1,1007.8,8.9,14,18.4,81.25714285714285,71.64285714285714,75.52857142857144,80.94285714285715,71.55714285714285,0.1285714285714286,0.0,0.0,21.2,32.8,35214.83857142857,7.114285714285714,18.68,0.8571428571428571,4.685714285714286,2
208,Al Udeid Air Base,,25.11722222222222,51.31472222222222,act,xlsx,,Asia/Qatar,2026-03-03T19:00,66.9,75,63.0,0,0.0,0.0,0.0,0.0,3,100,1013.2,1009.1,26.3,347,40.3,75.32857142857142,62.128571428571426,68.0,72.58571428571429,59.0,0.7428571428571429,0.2714285714285714,0.0,24.842857142857145,38.65714285714286,31439.618571428575,6.585714285714286,17.934285714285714,2.0,4.1257142857142854,2
209,Muwaffaq Salti Air Base,,31.834166666666665,36.78722222222222,act,xlsx,,Asia/Amman,2026-03-03T19:00,60.4,20,52.9,0,0.0,0.0,0.0,0.0,0,0,1020.4,960.2,7.9,317,11.9,63.15714285714286,43.91428571428571,53.08571428571429,55.68571428571429,38.51428571428572,0.42857142857142855,0.34285714285714286,0.0,23.12857142857143,37.857142857142854,37524.10571428571,5.8428571428571425,18.485714285714288,0.8571428571428571,3.5357142857142856,0
210,Prince Sultan Air Base,,24.05527777777778,47.56361111111111,act,xlsx,,Asia/Riyadh,2026-03-03T19:00,54.8,76,49.3,0,0.2,0.0,0.2,0.0,80,79,1016.3,958.0,18.4,360,28.8,73.31428571428572,56.54285714285714,64.94285714285715,66.52857142857142,52.55714285714286,0.8285714285714285,0.0,0.0,21.271428571428572,33.371428571428574,36451.135714285716,6.6499999999999995,18.767142857142858,2.2857142857142856,4.815714285714286,2
