OBJECTID,Site_Name,State,Operational_Status,Reporting_Component,Is_Joint_Base,latitude,longitude,Location,Region,Coordinates
1,Altus Air Force Base,,act,xlsx,,34.66638888888889,-99.26805555555555,Altus,Oklahoma,34°39′59″N 099°16′05″W
2,Joint Base Anacostia-Bolling,,act,xlsx,,38.84277777777778,-77.01611111111112,Southwest,"Washington, D.C.",38°50′34″N 077°00′58″W
3,Joint Base Andrews-Naval Air Facility Washington,,act,xlsx,,38.81083333333333,-76.86694444444444,Camp Springs,Maryland,38°48′39″N 076°52′01″W
4,Arnold Air Force Base,,act,xlsx,,35.3925,-86.08583333333333,near Tullahoma,Tennessee,35°23′33″N 086°05′09″W
5,Barksdale Air Force Base,,act,xlsx,,32.50194444444445,-93.66277777777778,Bossier City,Louisiana,32°30′07″N 093°39′46″W
6,Beale Air Force Base,,act,xlsx,,39.13611111111111,-121.4363888888889,Waldo Junction,California,39°08′10″N 121°26′11″W
7,Cannon Air Force Base,,act,xlsx,,34.382777777777775,-103.32222222222222,Clovis,New Mexico,34°22′58″N 103°19′20″W
8,Joint Base Charleston,,act,xlsx,,32.89861111111111,-80.04055555555556,Charleston,South Carolina,32°53′55″N 080°02′26″W
9,Columbus Air Force Base,,act,xlsx,,33.64388888888889,-88.44388888888889,Columbus,Mississippi,33°38′38″N 088°26′38″W
10,Creech Air Force Base,,act,xlsx,,36.58722222222222,-115.67333333333333,Indian Springs,Nevada,36°35′14″N 115°40′24″W
11,Davis–Monthan Air Force Base,,act,xlsx,,32.16638888888889,-110.88305555555554,Tucson,Arizona,32°09′59″N 110°52′59″W
12,Dover Air Force Base,,act,xlsx,,39.12833333333333,-75.46472222222222,Dover,Delaware,39°07′42″N 075°27′53″W
13,Dyess Air Force Base,,act,xlsx,,32.420833333333334,-99.85472222222222,Abilene,Texas,32°25′15″N 099°51′17″W
14,Edwards Air Force Base,,act,xlsx,,34.90555555555555,-117.88361111111112,Edwards,California,34°54′20″N 117°53′01″W
15,Eglin Air Force Base,,act,xlsx,,30.483333333333334,-86.53333333333333,Valparaiso,Florida,30°29′N 086°32′W
16,Ellsworth Air Force Base,,act,xlsx,,44.144999999999996,-103.1036111111111,Box Elder,South Dakota,44°08′42″N 103°06′13″W
17,Francis E. Warren Air Force Base,,act,xlsx,,41.13305555555556,-104.86694444444444,Cheyenne,Wyoming,41°07′59″N 104°52′01″W
18,Fairchild Air Force Base,,act,xlsx,,47.615,-117.65555555555557,Spokane,Washington,47°36′54″N 117°39′20″W
19,Fort George G. Meade,,act,xlsx,,39.106944444444444,-76.74305555555556,Odenton,Maryland,39°6′25″N 76°44′35″W
20,Gila Bend Air Force Auxiliary Field,,act,xlsx,,32.8875,-112.72,Gila Bend,Arizona,32°53′15″N 112°43′12″W
21,Goodfellow Air Force Base,,act,xlsx,,31.429444444444446,-100.39888888888889,San Angelo,Texas,31°25′46″N 100°23′56″W
22,Grand Forks Air Force Base,,act,xlsx,,47.961111111111116,-97.40111111111112,Grand Forks,North Dakota,47°57′40″N 097°24′04″W
23,Hanscom Air Force Base,,act,xlsx,,42.47,-71.28916666666666,Lincoln,Massachusetts,42°28′12″N 071°17′21″W
24,Hill Air Force Base,,act,xlsx,,41.12388888888889,-111.97277777777778,Ogden,Utah,41°07′26″N 111°58′22″W
25,Homey Airport,,act,xlsx,,37.233333333333334,-115.80833333333334,Groom Lake,Nevada,37°14′0″N 115°48′30″W
26,Holloman Air Force Base,,act,xlsx,,32.8525,-106.10638888888889,Alamogordo,New Mexico,32°51′09″N 106°06′23″W
27,Hurlburt Field,,act,xlsx,,30.42777777777778,-86.68944444444445,Mary Esther,Florida,30°25′40″N 086°41′22″W
28,Keesler Air Force Base,,act,xlsx,,30.411388888888887,-88.92361111111111,Biloxi,Mississippi,30°24′41″N 088°55′25″W
29,Kegelman Air Force Auxiliary Field,,act,xlsx,,36.738055555555555,-98.1261111111111,Cherokee,Oklahoma,36°44′17″N 098°07′34″W
30,Kirtland Air Force Base,,act,xlsx,,35.040277777777774,-106.60916666666667,Albuquerque,New Mexico,35°02′25″N 106°36′33″W
31,Joint Base Langley–Eustis,,act,xlsx,,37.08277777777778,-76.36055555555555,Hampton,Virginia,37°04′58″N 076°21′38″W
32,Laughlin Air Force Base,,act,xlsx,,29.359444444444446,-100.77805555555555,Del Rio,Texas,29°21′34″N 100°46′41″W
33,Joint Base Lewis-McChord,,act,xlsx,,47.1475,-122.47944444444444,Tacoma,Washington,47°08′51″N 122°28′46″W
34,Little Rock Air Force Base,,act,xlsx,,34.91694444444444,-92.1463888888889,Jacksonville,Arkansas,34°55′01″N 092°08′47″W
35,Luke Air Force Base,,act,xlsx,,33.535,-112.38305555555554,Glendale,Arizona,33°32′06″N 112°22′59″W
36,MacDill Air Force Base,,act,xlsx,,27.849444444444444,-82.52111111111111,Tampa,Florida,27°50′58″N 082°31′16″W
37,Malmstrom Air Force Base,,act,xlsx,,47.50472222222222,-111.18722222222223,Great Falls,Montana,47°30′17″N 111°11′14″W
38,Maxwell Air Force Base,,act,xlsx,,32.37916666666667,-86.3625,Montgomery,Alabama,32°22′45″N 086°21′45″W
39,McConnell Air Force Base,,act,xlsx,,37.62305555555555,-97.26722222222222,Wichita,Kansas,37°37′23″N 097°16′02″W
40,Joint Base McGuire–Dix–Lakehurst,,act,xlsx,,40.01916666666666,-74.52277777777778,Trenton,New Jersey,40°01′09″N 074°31′22″W
41,Minot Air Force Base,,act,xlsx,,48.41583333333333,-101.35805555555555,Minot,North Dakota,48°24′57″N 101°21′29″W
42,Moody Air Force Base,,act,xlsx,,30.967777777777776,-83.19277777777778,Valdosta,Georgia,30°58′4″N 83°11′34″W
43,Mountain Home Air Force Base,,act,xlsx,,43.04361111111111,-115.87249999999999,Mountain Home,Idaho,43°02′37″N 115°52′21″W
44,Nellis Air Force Base,,act,xlsx,,36.236111111111114,-115.03416666666666,Las Vegas,Nevada,36°14′10″N 115°02′03″W
45,North Auxiliary Airfield,,act,xlsx,,33.61694444444444,-81.08305555555555,North,South Carolina,33°37′01″N 081°04′59″W
46,Offutt Air Force Base,,act,xlsx,,41.11944444444445,-95.90861111111111,Bellevue,Nebraska,41°07′10″N 095°54′31″W
47,Pope Field,,act,xlsx,,35.170833333333334,-79.01444444444445,Fayetteville,North Carolina,35°10′15″N 079°00′52″W
48,Robins Air Force Base,,act,xlsx,,32.64,-83.59166666666667,Warner Robins,Georgia,32°38′24″N 083°35′30″W
49,Rome Research Site,,act,xlsx,,43.221111111111114,-10.256666666666666,Rome,New York,43°13′16.9″N 75°24′30.8″W
50,Joint Base San Antonio,,act,xlsx,,29.448888888888888,-98.44888888888889,San Antonio,Texas,29°26′56″N 098°26′56″W
51,Scott Air Force Base,,act,xlsx,,38.54527777777778,-89.83527777777778,Belleville,Illinois,38°32′43″N 089°50′07″W
52,Seymour Johnson Air Force Base,,act,xlsx,,35.339444444444446,-77.96055555555556,Goldsboro,North Carolina,35°20′22″N 077°57′38″W
53,Shaw Air Force Base,,act,xlsx,,33.973055555555554,-80.47277777777778,Sumter,South Carolina,33°58′23″N 080°28′22″W
54,Sheppard Air Force Base,,act,xlsx,,33.98888888888889,-98.49194444444444,Wichita Falls,Texas,33°59′20″N 098°29′31″W
55,Tinker Air Force Base,,act,xlsx,,35.414722222222224,-97.38666666666667,Oklahoma City,Oklahoma,35°24′53″N 097°23′12″W
56,Tonopah Test Range Airport,,act,xlsx,,37.79472222222222,-116.7786111111111,Tonopah,Nevada,37°47′41″N 116°46′43″W
57,Travis Air Force Base,,act,xlsx,,38.26277777777778,-121.92750000000001,Fairfield,California,38°15′46″N 121°55′39″W
58,Tyndall Air Force Base,,act,xlsx,,30.078611111111112,-85.57638888888889,Panama City,Florida,30°4′43″N 85°34′35″W
59,United States Air Force Academy,,act,xlsx,,38.99027777777778,-104.85833333333333,Colorado Springs,Colorado,38°59′25″N 104°51′30″W
60,Vance Air Force Base,,act,xlsx,,36.339444444444446,-97.91722222222222,Enid,Oklahoma,36°20′22″N 097°55′02″W
61,Whiteman Air Force Base,,act,xlsx,,38.73027777777778,-93.54805555555555,Knob Noster,Missouri,38°43′49″N 093°32′53″W
62,Wright-Patterson Air Force Base,,act,xlsx,,39.823055555555555,-84.04944444444445,Dayton,Ohio,39°49′23″N 084°02′58″W
63,Abston Air National Guard Station,,act,xlsx,,32.35611111111111,-86.34666666666666,Montgomery,Alabama,32°21′22″N 086°20′48″W
64,Atlantic City Air National Guard Base,,act,xlsx,,39.448055555555555,-74.58166666666666,Egg Harbor,New Jersey,39°26′53″N 074°34′54″W
65,Bangor Air National Guard Base,,act,xlsx,,44.814166666666665,-68.83083333333333,Bangor,Maine,44°48′51″N 068°49′51″W
66,Barnes Air National Guard Base,,act,xlsx,,42.16555555555556,-72.72055555555556,Westfield,Massachusetts,42°09′56″N 072°43′14″W
67,Battle Creek Air National Guard Base,,act,xlsx,,42.30722222222222,-3.420833333333334,Springfield,Michigan,42°18′26.2″N 85°15′05.3″W
68,Berry Field Air National Guard Base,,act,xlsx,,36.126666666666665,-86.68194444444445,Nashville,Tennessee,36°07′36″N 86°40′55″W
69,Biddle Air National Guard Base,,act,xlsx,,40.19972222222222,-75.14805555555556,Horsham Township,Pennsylvania,40°11′59″N 075°08′53″W
70,Bradley Air National Guard Base,,act,xlsx,,41.93888888888888,-72.68333333333334,Windsor Locks,Connecticut,41°56′20″N 72°41′0″W
71,Brunswick Air National Guard Station,,act,xlsx,,31.247500000000002,-10.358055555555556,Dock Junction,Georgia,31°14′51.9″N 81°29′09″W
72,Burlington Air National Guard Base,,act,xlsx,,44.47277777777778,-73.14666666666668,Burlington,Vermont,44°28′22″N 073°08′48″W
73,Camp Murray Air National Guard Station,,act,xlsx,,47.11805555555556,-122.56,Tacoma,Washington,47°7′5″N 122°33′36″W
74,Camp Rilea,,act,xlsx,,46.12916666666667,-123.94388888888889,Warrenton,Oregon,46°7′45″N 123°56′38″W
75,Capital Airport Air National Guard Station,,act,xlsx,,39.844166666666666,-89.67805555555556,Springfield,Illinois,39°50′39″N 089°40′41″W
76,Channel Islands Air National Guard Station,,act,xlsx,,34.115,-119.11027777777777,Oxnard,California,34°06′54″N 119°06′37″W
77,Charlotte Air National Guard Base,,act,xlsx,,35.21611111111111,-80.93194444444445,Charlotte,North Carolina,35°12′58″N 80°55′55″W
78,Dallas Air Guard Station,,act,xlsx,,32.74,-96.97,Grand Prairie,Texas,32°44′24″N 096°58′12″W
79,Des Moines Air National Guard Base,,act,xlsx,,41.538333333333334,-93.65944444444445,Des Moines,Iowa,41°32′18″N 093°39′34″W
80,Dobbins Air Reserve Base,,act,xlsx,,33.915277777777774,-84.51638888888888,Marietta,Georgia,33°54′55″N 084°30′59″W
81,Duke Field,,act,xlsx,,30.650277777777777,-86.52277777777778,Crestview,Florida,30°39′01″N 086°31′22″W
82,Duluth Air National Guard Base,,act,xlsx,,46.842222222222226,-92.19361111111111,Duluth,Minnesota,46°50′32″N 92°11′37″W
83,Eastern Air Defense Sector,,act,xlsx,,43.21638888888889,-9.256666666666666,Rome,New York,43°12′59.8″N 75°24′17.4″W
84,Ebbing Air National Guard Base,,act,xlsx,,35.336666666666666,-94.36749999999999,Fort Smith,Arkansas,35°20′12″N 94°22′03″W
85,Ellington Field Joint Reserve Base,,act,xlsx,,29.607222222222223,-95.1588888888889,Houston,Texas,29°36′26″N 95°09′32″W
86,Fargo Air National Guard Base,,act,xlsx,,46.92055555555555,-96.81583333333333,Fargo,North Dakota,46°55′14″N 096°48′57″W
87,Forbes Field Air National Guard Base,,act,xlsx,,38.95111111111111,-95.66583333333334,Topeka,Kansas,38°57′04″N 095°39′57″W
88,Fort Bliss,,act,xlsx,,31.801944444444445,-106.42472222222223,El Paso,Texas,31°48′7″N 106°25′29″W
89,Fort Dodge Air National Guard Station,,act,xlsx,,42.550555555555555,-6.569444444444445,Fort Dodge,Iowa,42°33′02.5″N 94°10′45.3″W
90,Fort Wayne Air National Guard Base,,act,xlsx,,40.97833333333333,-85.19500000000001,Fort Wayne,Indiana,40°58′42″N 085°11′42″W
91,Naval Air Station Joint Reserve Base Fort Worth,,act,xlsx,,32.76916666666666,-97.44166666666668,Fort Worth,Texas,32°46′09″N 097°26′30″W
92,Francis S. Gabreski Air National Guard Base,,act,xlsx,,40.83694444444445,-72.64222222222223,Westhampton Beach,New York,40°50′13″N 072°38′32″W
93,Fresno Air National Guard Base,,act,xlsx,,36.77611111111111,-119.73055555555555,Fresno,California,36°46′34″N 119°43′50″W
94,General Mitchell Air National Guard Base,,act,xlsx,,42.947222222222216,-87.89666666666668,Milwaukee,Wisconsin,42°56′50″N 087°53′48″W
95,Gowen Field Air National Guard Base,,act,xlsx,,43.56444444444444,-116.22277777777778,Boise,Idaho,43°33′52″N 116°13′22″W
96,Great Falls Air National Guard Base,,act,xlsx,,47.481944444444444,-21.85611111111111,Great Falls,Montana,47°28′55.20″N 111°22′14.46″W
97,Greeley Air National Guard Station,,act,xlsx,,40.42361111111111,-9.74388888888889,Greeley,Colorado,40°25′25.8″N 104°38′24.6″W
98,Grissom Air Reserve Base,,act,xlsx,,40.64805555555556,-86.15222222222222,Kokomo,Indiana,40°38′53″N 086°09′08″W
99,Goldwater Air National Guard Base,,act,xlsx,,33.42666666666666,-112.01194444444444,Phoenix,Arizona,33°25′36″N 112°00′43″W
100,Gulfport Combat Readiness Training Center,,act,xlsx,,30.40722222222222,-89.07,Gulfport,Mississippi,30°24′26″N 089°04′12″W
101,Hall Air Guard Station,,act,xlsx,,31.329444444444444,-8.424166666666666,Dothan,Alabama,31°19′46.7″N 85°27′57.2″W
102,Hancock Field Air National Guard Base,,act,xlsx,,43.11138888888889,-76.1236111111111,Syracuse,New York,43°06′41″N 076°07′25″W
103,Harrisburg Air Station Middletown,,act,xlsx,,40.19361111111111,-76.76333333333334,Middletown,Pennsylvania,40°11′37″N 076°45′48″W
104,Homestead Air Reserve Base,,act,xlsx,,25.488333333333333,-80.38361111111112,Homestead,Florida,25°29′18″N 080°23′01″W
105,Hulman Field Air National Guard Base,,act,xlsx,,39.45138888888889,-87.30749999999999,Terre Haute,Indiana,39°27′05″N 087°18′27″W
106,Jackson Air National Guard Base,,act,xlsx,,32.31111111111111,-90.07583333333334,Jackson,Mississippi,32°18′40″N 090°04′33″W
107,Jacksonville Air National Guard Base,,act,xlsx,,30.49416666666667,-81.68777777777778,"Jacksonville, Florida",Florida,30°29′39″N 081°41′16″W
108,Jefferson Barracks Air National Guard Station,,act,xlsx,,38.50388888888889,-4.504444444444444,St Louis,Missouri,38°30′14.3″N 90°16′48.9″W
109,Joe Foss Field Air National Guard Station,,act,xlsx,,43.581944444444446,-96.74194444444444,Sioux Falls,South Dakota,43°34′55″N 096°44′31″W
110,Johnstown Air National Guard Station,,act,xlsx,,40.323055555555555,-6.313888888888889,Johnstown,Pennsylvania,40°19′23.5″N 78°50′15.7″W
111,Key Field Air National Guard Base,,act,xlsx,,32.3325,-88.75194444444445,Meridian,Mississippi,32°19′57″N 088°45′07″W
112,Kingsley Field Air National Guard Base,,act,xlsx,,42.15611111111111,-121.73305555555555,Klamath Falls,Oregon,42°09′22″N 121°43′59″W
113,Lincoln Air National Guard Base,,act,xlsx,,40.85111111111111,-96.75916666666667,Lincoln,Nebraska,40°51′04″N 096°45′33″W
114,Louisville Air National Guard Base,,act,xlsx,,38.17805555555555,-85.72472222222223,Louisville,Kentucky,38°10′41″N 85°43′29″W
115,Mansfield Lahm Air National Guard Base,,act,xlsx,,40.81361111111111,-82.51666666666667,Mansfield,Ohio,40°48′49″N 82°31′00″W
116,March Joint Air Reserve Base,,act,xlsx,,33.88055555555555,-117.25944444444444,Riverside,California,33°52′50″N 117°15′34″W
117,McEntire Joint National Guard Base,,act,xlsx,,33.920833333333334,-80.80111111111111,Eastover,South Carolina,33°55′15″N 080°48′04″W
118,McGhee Tyson Air National Guard Base,,act,xlsx,,35.81083333333333,-83.99388888888889,Knoxville,Tennessee,35°48′39″N 083°59′38″W
119,McLaughlin Air National Guard Base,,act,xlsx,,38.37305555555555,-81.59305555555555,Charleston,West Virginia,38°22′23″N 81°35′35″W
120,Memphis Air National Guard Base,,act,xlsx,,35.0425,-89.97666666666667,Memphis,Tennessee,35°02′33″N 089°58′36″W
121,Minneapolis-Saint Paul Joint Air Reserve Station,,act,xlsx,,44.88166666666667,-93.23361111111112,Minneapolis – Saint Paul,Minnesota,44°52′54″N 093°14′01″W
122,Moffett Federal Airfield,,act,xlsx,,37.415,-122.04833333333333,Mountain View,California,37°24′54″N 122°02′54″W
123,Montgomery Air National Guard Base,,act,xlsx,,32.30444444444444,-86.40027777777779,Montgomery,Alabama,32°18′16″N 086°24′01″W
124,Morris Air National Guard Base,,act,xlsx,,32.11527777777778,-110.93055555555556,Tucson,Arizona,32°06′55″N 110°55′50″W
125,New Castle Air National Guard Base,,act,xlsx,,39.68527777777778,-75.59916666666666,New Castle,Delaware,39°41′07″N 075°35′57″W
126,New London Air National Guard Base,,act,xlsx,,35.41833333333333,-10.335555555555556,New London,North Carolina,35°25′06.9″N 80°08′30″W
127,Naval Air Station Joint Reserve Base New Orleans,,act,xlsx,,29.825277777777778,-90.035,Belle Chasse,Louisiana,29°49′31″N 090°02′06″W
128,Niagara Falls Air Reserve Station,,act,xlsx,,43.11333333333334,-78.9475,Niagara Falls,New York,43°06′48″N 078°56′51″W
129,North Highlands Air National Guard Station,,act,xlsx,,38.64,-121.4025,"Sacramento, California",California,38°38′24″N 121°24′09″W
130,North Smithfield Air National Guard Station,,act,xlsx,,41.97027777777778,-71.57555555555555,North Smithfield,Rhode Island,41°58′13″N 71°34′32.4″W
131,Otis Air National Guard Base,,act,xlsx,,41.65861111111111,-70.5213888888889,Mashpee,Massachusetts,41°39′31″N 070°31′17″W
132,Pease Air National Guard Base,,act,xlsx,,43.07805555555556,-70.82333333333332,Portsmouth,New Hampshire,43°04′41″N 070°49′24″W
133,Peoria Air National Guard Base,,act,xlsx,,40.660555555555554,-89.69555555555556,Peoria,Illinois,40°39′38″N 089°41′44″W
134,Peterson Space Force Base,,act,xlsx,,38.82361111111111,-104.69500000000001,Colorado Springs,Colorado,38°49′25″N 104°41′42″W
135,Pittsburgh International Airport Air Reserve Station,,act,xlsx,,40.49444444444445,-50.336666666666666,Pittsburgh,Pennsylvania,40°29′40.49″N 080°12′55.71″W
136,Portland Air National Guard Base,,act,xlsx,,45.58222222222223,-122.58972222222222,Portland,Oregon,45°34′56″N 122°35′23″W
137,Quonset Point Air National Guard Station,,act,xlsx,,41.59722222222222,-71.41222222222223,North Kingstown,Rhode Island,41°35′50″N 071°24′44″W
138,Reno Air National Guard Base,,act,xlsx,,39.49916666666667,-119.76805555555555,Reno,Nevada,39°29′57″N 119°46′05″W
139,Rickenbacker Air National Guard Base,,act,xlsx,,39.81361111111111,-82.94666666666667,Columbus,Ohio,39°48′49″N 082°56′48″W
140,Roland R. Wright Air National Guard Base,,act,xlsx,,40.788333333333334,-111.97777777777777,Salt Lake City,Utah,40°47′18″N 111°58′40″W
141,Rosecrans Air National Guard Base,,act,xlsx,,39.77194444444444,-94.90944444444445,St. Joseph,Missouri,39°46′19″N 94°54′34.94″W
142,San Diego Air National Guard Station,,act,xlsx,,32.836111111111116,-117.16055555555556,San Diego,California,32°50′10″N 117°9′38″W
143,Savannah Air National Guard Base,,act,xlsx,,32.1275,-81.20194444444445,Savannah,Georgia,32°07′39″N 081°12′7″W
144,Schriever Space Force Base,,act,xlsx,,38.80333333333333,-104.52555555555556,Colorado Springs,Colorado,38°48′12″N 104°31′32″W
145,Selfridge Air National Guard Base,,act,xlsx,,42.608333333333334,-82.83555555555554,Mount Clemens,Michigan,42°36′30″N 082°50′08″W
146,Sepulveda Air National Guard Station,,act,xlsx,,34.18583333333333,-5.974444444444445,Van Nuys,California,34°11′09.4″N 118°28′48″W
147,Shepherd Field Air National Guard Base,,act,xlsx,,39.401944444444446,-77.98444444444445,Martinsburg,West Virginia,39°24′07″N 77°59′04″W
148,Sioux City Air National Guard Base,,act,xlsx,,42.39833333333333,-96.37194444444444,Sioux City,Iowa,42°23′54″N 096°22′19″W
149,South Portland Air National Guard Station,,act,xlsx,,43.63333333333333,-10.171666666666667,South Portland,Maine,43°38′00.9″N 70°18′58.7″W
150,Springfield Air National Guard Base,,act,xlsx,,39.84027777777778,-83.84027777777777,Springfield,Ohio,39°50′25″N 083°50′25″W
151,Stewart Air National Guard Base,,act,xlsx,,41.50416666666667,-74.10472222222222,Newburgh,New York,41°30′15″N 74°06′17″W
152,Stratton Air National Guard Base,,act,xlsx,,42.8525,-73.9225,Schenectady,New York,42°51′09″N 073°55′21″W
153,Sumpter Smith Air National Guard Base,,act,xlsx,,33.56388888888888,-86.75222222222222,Birmingham,Alabama,33°33′50″N 086°45′08″W
154,Toledo Air National Guard Base,,act,xlsx,,41.586666666666666,-6.3966666666666665,Toledo,Ohio,41°35′12.5″N 83°48′28.2″W
155,Truax Field Air National Guard Base,,act,xlsx,,43.13972222222222,-89.33749999999999,Madison,Wisconsin,43°08′23″N 089°20′15″W
156,Tulsa Air National Guard Base,,act,xlsx,,36.19833333333333,-95.88805555555557,Tulsa,Oklahoma,36°11′54″N 095°53′17″W
157,Volk Field Air National Guard Base,,act,xlsx,,43.936388888888885,-90.25972222222222,New Lisbon,Wisconsin,43°56′11″N 090°15′35″W
158,Volunteer Air National Guard Station,,act,xlsx,,35.07333333333334,-92.41916666666667,Chattanooga,Tennessee,35°4′24.91″N 85°9′48.6″W
159,Warfield Air National Guard Base,,act,xlsx,,39.32555555555556,-39.27333333333333,Middle River,Maryland,39°19′32.38″N 76°24′49.55″W
160,Westover Air Reserve Base,,act,xlsx,,42.193888888888885,-72.53472222222221,Chicopee,Massachusetts,42°11′38″N 072°32′05″W
161,Will Rogers Air National Guard Base,,act,xlsx,,35.393055555555556,-97.60083333333333,Oklahoma City,Oklahoma,35°23′35″N 097°36′03″W
162,Wyoming Air National Guard Base,,act,xlsx,,41.16138888888889,-104.81944444444444,Cheyenne,Wyoming,41°09′41″N 104°49′10″W
163,Youngstown Air Reserve Station,,act,xlsx,,41.260555555555555,-65.34444444444443,Youngstown,Ohio,41°15′38.64″N 80°40′44.74″W
164,Zanesville Air National Guard Base,,act,xlsx,,39.94638888888888,-7.3647222222222215,Zanesville,Ohio,39°56′47.6″N 81°53′58.1″W
165,Guantanamo Bay Naval Base,,act,xlsx,,19.9,-75.15,Guantanamo Bay,Cuba,19°54′0″N 75°9′0″W
166,Hato International Airport,,act,xlsx,,12.18888888888889,-68.95972222222223,Willemstad,Curaçao,12°11′20″N 068°57′35″W
167,Muñiz Air National Guard Base,,act,xlsx,,18.439444444444444,-66.00194444444445,Carolina,Puerto Rico,18°26′22″N 066°00′07″W
168,Punta Borinquen Radar Station,,act,xlsx,,18.485,-67.14888888888889,Aguadilla,Puerto Rico,18°29′6″N 67°8′56″W
169,Punta Salinas Air National Guard Station,,act,xlsx,,18.375,-66.26166666666667,Toa Alta,Puerto Rico,18°22′30″N 066°15′42″W
170,Queen Beatrix International Airport,,act,xlsx,,12.501388888888888,-70.01527777777778,Oranjestad,Aruba,12°30′05″N 70°00′55″W
171,Soto Cano Air Base,,act,xlsx,,14.3825,-87.6211111111111,Comayagua,Honduras,14°22′57″N 087°37′16″W
172,St Croix Air National Guard Station,,act,xlsx,,17.706666666666667,-3.0799999999999996,Frederiksted Southeast,United States Virgin Islands,17°42′24.2″N 64°48′01.9″W
173,Ämari Air Base,,act,xlsx,,59.26222222222222,24.21861111111111,Ämari ,Estonia,59°15′44″N 024°13′07″E
174,Aviano Air Base,,act,xlsx,,46.03138888888889,12.596944444444444,Aviano,Italy,46°01′53″N 012°35′49″E
175,Büchel Air Base,,act,xlsx,,50.17638888888889,7.057777777777778,Alflen,Germany,50°10′35″N 007°03′28″E
176,Camp Darby,,act,xlsx,,43.63333333333333,10.316666666666666,Pisa,Italy,43°38′0″N 10°19′0″E
177,Camp Lemonnier,,act,xlsx,,11.543611111111112,43.14861111111111,Ambouli,Djibouti,11°32′37″N 43°8′55″E
178,Camp Simba,,act,xlsx,,-2.1655555555555557,8.681388888888888,Jipe,Kenya,2°09′56.8″S 40°53′40.1″E
179,Câmpia Turzii (71st Air Base),,act,xlsx,,46.50333333333333,23.885277777777777,Călărași-Gară,Romania,46°30′12″N 023°53′07″E
180,Chabelley Airfield,,act,xlsx,,11.516666666666667,43.06666666666667,Chabelley,Djibouti,11°31′N 43°04′E
181,Chièvres Air Base,,act,xlsx,,50.58583333333333,58.06388888888888,Brugelette,Belgium,50°35′9.58″N 003°50′37.47″E
182,Einsiedlerhof Air Station,,act,xlsx,,49.42833333333333,7.1175,Marpingen,Germany,49°25′42.7″N 7°3′15.5″E
183,Ghedi Air Base,,act,xlsx,,45.43111111111111,57.17111111111111,Ghedi,Italy,45°25′52.57″N 10°16′48.40″E
184,Incirlik Air Base,,act,xlsx,,37.00194444444445,35.42583333333333,Sarıçam,Turkey,37°00′07″N 035°25′33″E
185,Izmir Air Station,,act,xlsx,,38.4575,27.17027777777778,Bayraklı,Turkey,38°27′27″N 027°10′13″E
186,Kleine Brogel Air Base,,act,xlsx,,51.169444444444444,5.091111111111111,Peer,Belgium,51°10′10.5″N 005°28′19″E
187,Lajes Field,,act,xlsx,,38.76166666666666,-27.090555555555554,Lajes,Azores,38°45′42″N 027°05′26″W
188,Łask Air Base,,act,xlsx,,51.55138888888889,76.31944444444444,Mauryca,Poland,51°33′5.76″N 19°10′44.76″E
189,Morón Air Base,,act,xlsx,,37.17472222222222,-5.615833333333333,Los Molares,Spain,37°10′29″N 5°36′57″W
190,NATO Air Base Geilenkirchen,,act,xlsx,,50.96083333333333,6.0424999999999995,Geilenkirchen,Germany,50°57′39″N 6°2′33″E
191,RAF Akrotiri,,act,xlsx,,34.583333333333336,32.983333333333334,Akrotiri,Sovereign Base Areas of Akrotiri and Dhekelia,34°35′0″N 32°59′0″E
192,RAF Alconbury,,act,xlsx,,52.37083333333334,-27.003611111111113,Huntingdon,United Kingdom,52°22′15.27″N 000°13′36.94″W
193,RAF Barford St John,,act,xlsx,,52.00361111111111,-1.36,Banbury,United Kingdom,52°0′13″N 1°21′36″W
194,RAF Croughton,,act,xlsx,,51.987500000000004,-1.1861111111111111,Brackley,United Kingdom,51°59′15″N 1°11′10″W
195,RAF Fairford,,act,xlsx,,51.68222222222222,-1.7899999999999998,Fairford,United Kingdom,51°40′56″N 1°47′24″W
196,RAF Feltwell,,act,xlsx,,52.47944444444445,0.5191666666666667,Thetford,United Kingdom,52°28′46″N 0°31′9″E
197,RAF Lakenheath,,act,xlsx,,52.40833333333333,0.5566666666666668,Brandon,United Kingdom,52°24′30″N 000°33′24″E
198,RAF Menwith Hill,,act,xlsx,,54.007777777777775,-35.028055555555554,Harrogate,United Kingdom,54°0′28.35″N 1°41′22.2″W
199,RAF Mildenhall,,act,xlsx,,52.365,0.48083333333333333,Bury Saint Edmunds,United Kingdom,52°21′54″N 000°28′51″E
200,RAF Molesworth,,act,xlsx,,52.379444444444445,-0.405,Huntingdon,United Kingdom,52°22′46″N 0°24′18″W
201,RAF Welford,,act,xlsx,,51.468333333333334,-1.403611111111111,Newbury,United Kingdom,51°28′6″N 1°24′13″W
202,Ramstein Air Base,,act,xlsx,,49.443888888888885,10.126666666666667,Ramstein-Miesenbach,Germany,49°26′38.10″N 007°36′08.13″E
203,Spangdahlem Air Base,,act,xlsx,,49.975833333333334,6.697222222222223,Spangdahlem,Germany,49°58′33″N 006°41′50″E
204,Stavanger,,act,xlsx,,58.9075,5.721666666666667,Stavanger,Norway,58°54′27″N 5°43′18″E
205,Volkel Air Base,,act,xlsx,,51.657222222222224,5.690833333333334,Volkel,Netherlands,51°39′26″N 5°41′27″E
206,Abdullah Al Mubarak Air Base (Cargo City),,act,xlsx,,29.226666666666667,47.980000000000004,Al-Dajeej,Kuwait,29°13′36″N 047°58′48″E
207,Al Dhafra Air Base,,act,xlsx,,24.248055555555556,54.5475,Abu Dhabi,United Arab Emirates,24°14′53″N 054°32′51″E
208,Al Udeid Air Base,,act,xlsx,,25.11722222222222,51.31472222222222,Abū Nakẖlah,Qatar,25°07′02″N 051°18′53″E
209,Muwaffaq Salti Air Base,,act,xlsx,,31.834166666666665,36.78722222222222,Azraq,Jordan,31°50′03″N 036°47′14″E
210,Prince Sultan Air Base,,act,xlsx,,24.05527777777778,47.56361111111111,Al-Kharj,Saudi Arabia,24°03′19″N 047°33′49″E
