OBJECTID,Site_Name,State,latitude,longitude,Operational_Status,Reporting_Component,Is_Joint_Base,timezone,current_time,current_temperature_2m,current_relative_humidity_2m,current_apparent_temperature,current_is_day,current_precipitation,current_rain,current_showers,current_snowfall,current_weather_code,current_cloud_cover,current_pressure_msl,current_surface_pressure,current_wind_speed_10m,current_wind_direction_10m,current_wind_gusts_10m
1,Altus Air Force Base,,34.66638888888889,-99.26805555555556,act,xlsx,,America/Chicago,2026-03-03T10:00,66.4,66,61.5,1,0.0,0.0,0.0,0.0,3,100,1009.6,962.1,24.1,202,40.0
2,Joint Base Anacostia-Bolling,,38.84277777777778,-77.01611111111112,act,xlsx,,America/New_York,2026-03-03T11:00,33.5,100,29.5,1,0.0,0.0,0.0,0.0,45,100,1031.3,1030.3,1.8,360,2.5
3,Joint Base Andrews-Naval Air Facility Washington,,38.81083333333333,-76.86694444444444,act,xlsx,,America/New_York,2026-03-03T11:00,33.2,100,28.5,1,0.0,0.0,0.0,0.0,45,100,1031.4,1021.2,3.8,17,4.0
4,Arnold Air Force Base,,35.3925,-86.08583333333333,act,xlsx,,America/Chicago,2026-03-03T10:00,61.9,67,56.0,1,0.0,0.0,0.0,0.0,2,78,1022.4,984.2,23.5,169,42.5
5,Barksdale Air Force Base,,32.50194444444445,-93.66277777777778,act,xlsx,,America/Chicago,2026-03-03T10:00,70.1,80,69.8,1,0.0,0.0,0.0,0.0,3,100,1018.0,1012.3,20.0,172,37.8
6,Beale Air Force Base,,39.13611111111111,-121.4363888888889,act,xlsx,,America/Los_Angeles,2026-03-03T08:00,48.4,92,46.0,1,0.0,0.0,0.0,0.0,0,3,1019.5,1015.6,5.0,180,8.6
7,Cannon Air Force Base,,34.382777777777775,-103.32222222222222,act,xlsx,,America/Denver,2026-03-03T09:00,67.9,24,60.1,1,0.0,0.0,0.0,0.0,0,0,1009.0,868.5,14.2,277,25.2
8,Joint Base Charleston,,32.89861111111111,-80.04055555555556,act,xlsx,,America/New_York,2026-03-03T11:00,59.8,78,58.3,1,0.0,0.0,0.0,0.0,2,75,1028.8,1027.3,9.2,31,16.9
9,Columbus Air Force Base,,33.64388888888889,-88.44388888888889,act,xlsx,,America/Chicago,2026-03-03T10:00,64.5,87,63.4,1,0.0,0.0,0.0,0.0,3,100,1021.9,1014.7,18.1,159,38.5
10,Creech Air Force Base,,36.58722222222222,-115.67333333333332,act,xlsx,,America/Los_Angeles,2026-03-03T08:00,53.7,37,49.2,1,0.0,0.0,0.0,0.0,0,0,1018.3,910.4,0.5,315,7.2
11,Davis–Monthan Air Force Base,,32.16638888888889,-110.88305555555554,act,xlsx,,America/Phoenix,2026-03-03T09:00,70.2,18,63.2,1,0.0,0.0,0.0,0.0,0,0,1012.7,923.0,8.3,185,9.4
12,Dover Air Force Base,,39.12833333333333,-75.46472222222222,act,xlsx,,America/New_York,2026-03-03T11:00,38.2,95,32.8,1,0.0,0.0,0.0,0.0,3,100,1030.9,1030.3,9.4,92,15.1
13,Dyess Air Force Base,,32.420833333333334,-99.85472222222222,act,xlsx,,America/Chicago,2026-03-03T10:00,70.9,62,64.6,1,0.0,0.0,0.0,0.0,0,6,1009.4,948.2,32.8,193,57.6
14,Edwards Air Force Base,,34.90555555555555,-117.88361111111112,act,xlsx,,America/Los_Angeles,2026-03-03T08:00,45.0,68,40.9,1,0.0,0.0,0.0,0.0,0,0,1017.3,935.0,2.9,30,4.3
15,Eglin Air Force Base,,30.48333333333333,-86.53333333333333,act,xlsx,,America/Chicago,2026-03-03T10:00,66.5,85,66.7,1,0.0,0.0,0.0,0.0,0,16,1024.4,1021.3,17.2,123,32.8
16,Ellsworth Air Force Base,,44.145,-103.1036111111111,act,xlsx,,America/Denver,2026-03-03T09:00,48.5,28,38.0,1,0.0,0.0,0.0,0.0,0,11,1017.8,905.2,18.6,350,36.0
17,Francis E. Warren Air Force Base,,41.13305555555556,-104.86694444444444,act,xlsx,,America/Denver,2026-03-03T09:00,38.8,93,31.9,1,0.0,0.0,0.0,0.0,3,100,1017.6,810.6,14.8,359,25.9
18,Fairchild Air Force Base,,47.615,-117.65555555555557,act,xlsx,,America/Los_Angeles,2026-03-03T08:00,35.4,84,29.7,1,0.0,0.0,0.0,0.0,3,100,1018.7,929.6,6.6,167,19.4
19,Fort George G. Meade,,39.10694444444445,-76.74305555555556,act,xlsx,,America/New_York,2026-03-03T11:00,32.7,99,27.5,1,0.0,0.0,0.0,0.0,45,100,1031.3,1022.5,5.6,27,6.8
20,Gila Bend Air Force Auxiliary Field,,32.8875,-112.72,act,xlsx,,America/Phoenix,2026-03-03T09:00,66.5,25,61.9,1,0.0,0.0,0.0,0.0,0,0,1012.7,982.6,1.8,143,5.4
21,Goodfellow Air Force Base,,31.42944444444445,-100.39888888888888,act,xlsx,,America/Chicago,2026-03-03T10:00,71.2,54,65.6,1,0.0,0.0,0.0,0.0,0,4,1010.7,946.7,25.8,195,44.6
22,Grand Forks Air Force Base,,47.96111111111112,-97.40111111111112,act,xlsx,,America/Chicago,2026-03-03T10:00,15.5,91,6.6,1,0.0,0.0,0.0,0.0,3,91,1019.2,983.8,11.2,327,16.2
23,Hanscom Air Force Base,,42.47,-71.28916666666666,act,xlsx,,America/New_York,2026-03-03T11:00,29.7,56,21.5,1,0.0,0.0,0.0,0.0,3,100,1035.4,1030.3,9.5,209,23.8
24,Hill Air Force Base,,41.12388888888889,-111.97277777777778,act,xlsx,,America/Denver,2026-03-03T09:00,40.0,91,35.7,1,0.0,0.0,0.0,0.0,3,87,1022.5,857.0,5.4,262,6.5
25,Homey Airport,,37.23333333333333,-115.80833333333334,act,xlsx,,America/Los_Angeles,2026-03-03T08:00,42.7,68,37.0,1,0.0,0.0,0.0,0.0,0,0,1018.9,865.2,7.7,332,18.0
26,Holloman Air Force Base,,32.8525,-106.10638888888889,act,xlsx,,America/Denver,2026-03-03T09:00,62.4,19,55.6,1,0.0,0.0,0.0,0.0,0,0,1011.3,875.6,5.4,176,7.2
27,Hurlburt Field,,30.42777777777778,-86.68944444444445,act,xlsx,,America/Chicago,2026-03-03T10:00,67.0,84,66.1,1,0.0,0.0,0.0,0.0,1,41,1024.3,1023.3,19.5,118,33.5
28,Keesler Air Force Base,,30.411388888888887,-88.92361111111111,act,xlsx,,America/Chicago,2026-03-03T10:00,67.2,93,67.9,1,0.0,0.0,0.0,0.0,3,100,1023.1,1022.6,18.5,114,34.2
29,Kegelman Air Force Auxiliary Field,,36.73805555555556,-98.1261111111111,act,xlsx,,America/Chicago,2026-03-03T10:00,54.0,81,51.2,1,0.0,0.0,0.0,0.0,3,100,1010.5,967.2,8.8,261,14.4
30,Kirtland Air Force Base,,35.040277777777774,-106.60916666666668,act,xlsx,,America/Denver,2026-03-03T09:00,56.5,22,50.2,1,0.0,0.0,0.0,0.0,0,0,1013.7,838.9,3.1,339,13.7
31,Joint Base Langley–Eustis,,37.08277777777778,-76.36055555555555,act,xlsx,,America/New_York,2026-03-03T11:00,44.3,95,42.1,1,0.0,0.0,0.0,0.0,3,100,1030.6,1030.3,1.8,53,5.4
32,Laughlin Air Force Base,,29.35944444444445,-100.77805555555555,act,xlsx,,America/Chicago,2026-03-03T10:00,66.9,85,65.1,1,0.0,0.0,0.0,0.0,3,100,1013.6,975.6,23.5,130,33.8
33,Joint Base Lewis-McChord,,47.1475,-122.47944444444444,act,xlsx,,America/Los_Angeles,2026-03-03T08:00,45.7,95,43.3,1,0.0,0.0,0.0,0.0,3,100,1017.9,1007.3,3.8,229,15.5
34,Little Rock Air Force Base,,34.91694444444444,-92.1463888888889,act,xlsx,,America/Chicago,2026-03-03T10:00,60.5,82,58.5,1,0.0,0.0,0.0,0.0,3,91,1018.7,1007.6,13.7,194,35.6
35,Luke Air Force Base,,33.535,-112.38305555555554,act,xlsx,,America/Phoenix,2026-03-03T09:00,69.9,23,61.8,1,0.0,0.0,0.0,0.0,0,0,1012.5,974.9,15.4,53,31.3
36,MacDill Air Force Base,,27.849444444444444,-82.52111111111111,act,xlsx,,America/New_York,2026-03-03T11:00,74.9,75,80.2,1,0.0,0.0,0.0,0.0,1,28,1023.4,1023.0,10.5,52,21.2
37,Malmstrom Air Force Base,,47.50472222222222,-111.18722222222225,act,xlsx,,America/Denver,2026-03-03T09:00,44.7,28,33.2,1,0.0,0.0,0.0,0.0,0,0,1017.5,895.8,21.1,240,35.6
38,Maxwell Air Force Base,,32.37916666666667,-86.3625,act,xlsx,,America/Chicago,2026-03-03T10:00,63.8,80,61.7,1,0.0,0.0,0.0,0.0,3,100,1024.9,1019.0,17.2,116,31.0
39,McConnell Air Force Base,,37.62305555555555,-97.26722222222222,act,xlsx,,America/Chicago,2026-03-03T10:00,51.3,86,47.7,1,0.0,0.0,0.0,0.0,3,100,1011.4,962.9,10.9,81,15.1
40,Joint Base McGuire–Dix–Lakehurst,,40.01916666666666,-74.52277777777778,act,xlsx,,America/New_York,2026-03-03T11:00,35.7,95,29.8,1,0.1,0.1,0.0,0.0,51,100,1031.8,1028.1,9.4,67,30.6
41,Minot Air Force Base,,48.41583333333333,-101.35805555555557,act,xlsx,,America/Chicago,2026-03-03T10:00,18.6,88,11.0,1,0.0,0.0,0.0,0.0,1,37,1018.6,955.2,7.2,127,7.9
42,Moody Air Force Base,,30.967777777777776,-83.19277777777778,act,xlsx,,America/New_York,2026-03-03T11:00,62.5,85,61.5,1,0.0,0.0,0.0,0.0,3,88,1026.5,1018.3,13.9,65,20.2
43,Mountain Home Air Force Base,,43.04361111111111,-115.8725,act,xlsx,,America/Boise,2026-03-03T09:00,38.1,87,33.2,1,0.0,0.0,0.0,0.0,0,0,1021.5,913.8,5.7,108,7.6
44,Nellis Air Force Base,,36.23611111111112,-115.03416666666666,act,xlsx,,America/Los_Angeles,2026-03-03T08:00,62.8,26,56.6,1,0.0,0.0,0.0,0.0,0,0,1017.1,952.4,6.3,66,10.4
45,North Auxiliary Airfield,,33.61694444444444,-81.08305555555555,act,xlsx,,America/New_York,2026-03-03T11:00,52.1,86,48.2,1,0.0,0.0,0.0,0.0,3,100,1029.6,1017.9,12.9,30,17.6
46,Offutt Air Force Base,,41.11944444444445,-95.90861111111111,act,xlsx,,America/Chicago,2026-03-03T10:00,42.6,84,38.7,1,0.0,0.0,0.0,0.0,3,85,1015.9,978.7,4.2,149,4.3
47,Pope Field,,35.170833333333334,-79.01444444444445,act,xlsx,,America/New_York,2026-03-03T11:00,47.9,77,44.1,1,0.0,0.0,0.0,0.0,3,99,1031.0,1023.5,6.3,24,7.9
48,Robins Air Force Base,,32.64,-83.59166666666667,act,xlsx,,America/New_York,2026-03-03T11:00,57.1,83,54.6,1,0.0,0.0,0.0,0.0,3,100,1027.4,1017.3,11.7,81,20.5
49,Rome Research Site,,43.22111111111112,-10.256666666666666,act,xlsx,,Etc/GMT+1,2026-03-03T15:00,56.1,90,54.0,1,0.0,0.0,0.0,0.0,0,0,1016.9,1016.9,11.9,14,17.6
50,Joint Base San Antonio,,29.448888888888888,-98.44888888888887,act,xlsx,,America/Chicago,2026-03-03T10:00,72.9,65,72.2,1,0.0,0.0,0.0,0.0,3,100,1016.0,989.7,16.2,180,26.6
51,Scott Air Force Base,,38.54527777777778,-89.83527777777778,act,xlsx,,America/Chicago,2026-03-03T10:00,42.7,95,39.9,1,0.0,0.0,0.0,0.0,3,100,1019.1,1003.0,2.3,129,14.0
52,Seymour Johnson Air Force Base,,35.339444444444446,-77.96055555555556,act,xlsx,,America/New_York,2026-03-03T11:00,45.3,92,41.1,1,0.0,0.0,0.0,0.0,3,100,1031.1,1028.2,9.3,36,13.0
53,Shaw Air Force Base,,33.973055555555554,-80.47277777777778,act,xlsx,,America/New_York,2026-03-03T11:00,51.5,81,47.3,1,0.0,0.0,0.0,0.0,3,100,1030.1,1021.2,11.9,25,15.1
54,Sheppard Air Force Base,,33.98888888888889,-98.49194444444444,act,xlsx,,America/Chicago,2026-03-03T10:00,70.0,70,65.8,1,0.0,0.0,0.0,0.0,0,6,1011.6,976.9,28.3,198,48.2
55,Tinker Air Force Base,,35.414722222222224,-97.38666666666668,act,xlsx,,America/Chicago,2026-03-03T10:00,69.0,64,61.4,1,0.0,0.0,0.0,0.0,0,4,1010.5,966.5,37.0,193,61.2
56,Tonopah Test Range Airport,,37.79472222222222,-116.7786111111111,act,xlsx,,America/Los_Angeles,2026-03-03T08:00,39.7,52,31.3,1,0.0,0.0,0.0,0.0,0,0,1020.1,832.7,13.2,334,18.0
57,Travis Air Force Base,,38.26277777777778,-121.9275,act,xlsx,,America/Los_Angeles,2026-03-03T08:00,49.6,96,48.1,1,0.0,0.0,0.0,0.0,0,17,1020.2,1018.5,4.4,235,15.1
58,Tyndall Air Force Base,,30.078611111111112,-85.57638888888889,act,xlsx,,America/Chicago,2026-03-03T10:00,70.4,75,71.6,1,0.0,0.0,0.0,0.0,1,21,1024.5,1023.7,15.4,106,24.8
59,United States Air Force Academy,,38.99027777777778,-104.85833333333332,act,xlsx,,America/Denver,2026-03-03T09:00,44.6,68,34.0,1,0.0,0.0,0.0,0.0,0,6,1014.0,795.8,27.4,357,34.2
60,Vance Air Force Base,,36.339444444444446,-97.91722222222222,act,xlsx,,America/Chicago,2026-03-03T10:00,59.4,81,55.7,1,0.0,0.0,0.0,0.0,3,100,1009.9,964.5,18.4,219,37.8
61,Whiteman Air Force Base,,38.73027777777778,-93.54805555555556,act,xlsx,,America/Chicago,2026-03-03T10:00,44.1,98,39.3,1,0.0,0.0,0.0,0.0,3,100,1015.0,984.1,12.0,106,20.5
62,Wright-Patterson Air Force Base,,39.82305555555556,-84.04944444444445,act,xlsx,,America/New_York,2026-03-03T11:00,45.8,85,41.0,1,0.0,0.0,0.0,0.0,3,100,1020.3,990.4,10.6,204,31.3
63,Abston Air National Guard Station,,32.35611111111111,-86.34666666666666,act,xlsx,,America/Chicago,2026-03-03T10:00,63.9,81,61.8,1,0.0,0.0,0.0,0.0,3,100,1024.9,1018.8,17.7,117,31.7
64,Atlantic City Air National Guard Base,,39.44805555555556,-74.58166666666666,act,xlsx,,America/New_York,2026-03-03T11:00,40.7,94,34.8,1,0.0,0.0,0.0,0.0,3,100,1031.2,1029.3,12.6,85,25.6
65,Bangor Air National Guard Base,,44.814166666666665,-68.83083333333333,act,xlsx,,America/New_York,2026-03-03T11:00,33.0,37,22.0,1,0.0,0.0,0.0,0.0,0,2,1033.2,1025.8,21.6,195,40.3
66,Barnes Air National Guard Base,,42.16555555555556,-72.72055555555556,act,xlsx,,America/New_York,2026-03-03T11:00,27.4,62,20.9,1,0.0,0.0,0.0,0.0,3,100,1033.4,1023.2,3.3,139,18.0
67,Battle Creek Air National Guard Base,,42.30722222222222,-3.420833333333334,act,xlsx,,Europe/Madrid,2026-03-03T17:00,53.4,62,49.6,1,0.0,0.0,0.0,0.0,1,36,1016.7,898.3,10.5,68,26.3
68,Berry Field Air National Guard Base,,36.126666666666665,-86.68194444444445,act,xlsx,,America/Chicago,2026-03-03T10:00,62.9,71,58.4,1,0.0,0.0,0.0,0.0,2,56,1022.0,1001.2,21.0,185,45.4
69,Biddle Air National Guard Base,,40.19972222222222,-75.14805555555556,act,xlsx,,America/New_York,2026-03-03T11:00,33.8,96,27.5,1,0.1,0.1,0.0,0.0,51,100,1031.8,1018.8,9.6,77,28.4
70,Bradley Air National Guard Base,,41.93888888888888,-72.68333333333334,act,xlsx,,America/New_York,2026-03-03T11:00,27.6,78,22.2,1,0.0,0.0,0.0,0.0,3,100,1033.8,1027.2,1.1,90,15.8
71,Brunswick Air National Guard Station,,31.2475,-10.358055555555556,act,xlsx,,Etc/GMT+1,2026-03-03T15:00,54.9,84,48.9,1,0.7,0.0,0.7,0.0,95,100,1010.2,1010.2,22.9,254,32.0
72,Burlington Air National Guard Base,,44.47277777777778,-73.14666666666668,act,xlsx,,America/New_York,2026-03-03T11:00,33.3,58,22.4,1,0.0,0.0,0.0,0.0,3,95,1030.0,1017.1,23.7,171,43.6
73,Camp Murray Air National Guard Station,,47.11805555555556,-122.56,act,xlsx,,America/Los_Angeles,2026-03-03T08:00,46.5,87,41.8,1,0.0,0.0,0.0,0.0,3,100,1017.9,1007.9,11.2,230,23.0
74,Camp Rilea,,46.12916666666667,-123.94388888888888,act,xlsx,,America/Los_Angeles,2026-03-03T08:00,49.2,96,43.4,1,0.0,0.0,0.0,0.0,3,100,1018.2,1015.3,20.2,221,37.8
75,Capital Airport Air National Guard Station,,39.844166666666666,-89.67805555555556,act,xlsx,,America/Chicago,2026-03-03T10:00,39.5,98,34.8,1,0.1,0.1,0.0,0.0,51,100,1018.1,996.1,7.7,143,16.2
76,Channel Islands Air National Guard Station,,34.115,-119.11027777777775,act,xlsx,,America/Los_Angeles,2026-03-03T08:00,57.8,90,55.7,1,0.0,0.0,0.0,0.0,0,4,1016.7,1016.3,14.1,148,22.3
77,Charlotte Air National Guard Base,,35.21611111111111,-80.93194444444445,act,xlsx,,America/New_York,2026-03-03T11:00,45.1,88,41.4,1,0.0,0.0,0.0,0.0,3,100,1030.1,1002.4,6.3,31,6.8
78,Dallas Air Guard Station,,32.74,-96.97,act,xlsx,,America/Chicago,2026-03-03T10:00,71.5,73,69.1,1,0.0,0.0,0.0,0.0,3,100,1014.2,997.1,25.8,195,45.4
79,Des Moines Air National Guard Base,,41.53833333333333,-93.65944444444445,act,xlsx,,America/Chicago,2026-03-03T10:00,40.8,87,36.1,1,0.0,0.0,0.0,0.0,3,100,1017.7,982.3,6.8,148,12.2
80,Dobbins Air Reserve Base,,33.915277777777774,-84.51638888888888,act,xlsx,,America/New_York,2026-03-03T11:00,51.3,91,46.6,1,0.0,0.0,0.0,0.0,3,100,1026.6,989.0,16.6,103,30.2
81,Duke Field,,30.650277777777777,-86.52277777777778,act,xlsx,,America/Chicago,2026-03-03T10:00,70.6,69,70.1,1,0.0,0.0,0.0,0.0,0,12,1024.3,1017.4,16.3,137,30.2
82,Duluth Air National Guard Base,,46.84222222222223,-92.19361111111112,act,xlsx,,America/Chicago,2026-03-03T10:00,33.5,97,26.9,1,0.0,0.0,0.0,0.0,3,100,1018.2,965.2,11.0,229,25.9
83,Eastern Air Defense Sector,,43.21638888888889,-9.256666666666666,act,xlsx,,Europe/Madrid,2026-03-03T17:00,62.5,66,60.4,1,0.0,0.0,0.0,0.0,0,2,1016.3,1016.3,9.1,9,20.2
84,Ebbing Air National Guard Base,,35.336666666666666,-94.3675,act,xlsx,,America/Chicago,2026-03-03T10:00,63.8,78,65.1,1,0.0,0.0,0.0,0.0,3,100,1015.2,999.3,3.6,84,29.2
85,Ellington Field Joint Reserve Base,,29.607222222222223,-95.1588888888889,act,xlsx,,America/Chicago,2026-03-03T10:00,76.3,73,77.2,1,0.0,0.0,0.0,0.0,1,27,1019.0,1017.9,21.2,165,33.1
86,Fargo Air National Guard Base,,46.92055555555555,-96.81583333333332,act,xlsx,,America/Chicago,2026-03-03T10:00,36.0,87,30.5,1,0.0,0.0,0.0,0.0,3,100,1017.9,984.2,6.5,273,10.4
87,Forbes Field Air National Guard Base,,38.95111111111111,-95.66583333333334,act,xlsx,,America/Chicago,2026-03-03T10:00,42.9,100,39.7,1,0.0,0.0,0.0,0.0,45,100,1014.0,975.2,5.4,90,15.8
88,Fort Bliss,,31.801944444444445,-106.42472222222224,act,xlsx,,America/Denver,2026-03-03T09:00,70.4,16,63.9,1,0.0,0.0,0.0,0.0,0,0,1012.4,884.0,5.2,254,19.1
89,Fort Dodge Air National Guard Station,,42.55055555555556,-6.569444444444445,act,xlsx,,Europe/Madrid,2026-03-03T17:00,62.7,40,56.0,1,0.0,0.0,0.0,0.0,1,18,1015.0,946.7,14.6,100,34.9
90,Fort Wayne Air National Guard Base,,40.97833333333333,-85.19500000000001,act,xlsx,,America/Indiana/Indianapolis,2026-03-03T11:00,34.1,85,27.6,1,0.0,0.0,0.0,0.0,3,100,1019.1,988.9,9.1,72,11.2
91,Naval Air Station Joint Reserve Base Fort Worth,,32.76916666666666,-97.44166666666668,act,xlsx,,America/Chicago,2026-03-03T10:00,70.5,75,68.7,1,0.0,0.0,0.0,0.0,3,100,1013.3,990.9,23.1,191,45.7
92,Francis S. Gabreski Air National Guard Base,,40.83694444444445,-72.64222222222223,act,xlsx,,America/New_York,2026-03-03T11:00,32.5,80,24.7,1,0.0,0.0,0.0,0.0,3,100,1034.5,1032.8,12.6,85,27.7
93,Fresno Air National Guard Base,,36.77611111111111,-119.73055555555555,act,xlsx,,America/Los_Angeles,2026-03-03T08:00,50.4,92,48.5,1,0.0,0.0,0.0,0.0,0,10,1019.4,1007.2,5.4,352,10.8
94,General Mitchell Air National Guard Base,,42.947222222222216,-87.89666666666668,act,xlsx,,America/Chicago,2026-03-03T10:00,37.4,71,31.2,1,0.0,0.0,0.0,0.0,1,49,1020.0,994.8,7.2,162,11.2
95,Gowen Field Air National Guard Base,,43.56444444444444,-116.22277777777778,act,xlsx,,America/Boise,2026-03-03T09:00,40.4,91,35.9,1,0.0,0.0,0.0,0.0,0,6,1021.0,918.7,6.5,161,13.0
96,Great Falls Air National Guard Base,,47.48194444444445,-21.85611111111111,act,xlsx,,Etc/GMT+1,2026-03-03T15:00,53.1,92,39.7,1,0.2,0.2,0.0,0.0,53,100,1014.9,1014.9,51.8,185,72.4
97,Greeley Air National Guard Station,,40.42361111111111,-9.74388888888889,act,xlsx,,Etc/GMT+1,2026-03-03T15:00,58.6,82,55.5,1,0.0,0.0,0.0,0.0,0,3,1014.1,1014.1,15.7,9,21.6
98,Grissom Air Reserve Base,,40.64805555555556,-86.15222222222222,act,xlsx,,America/Indiana/Indianapolis,2026-03-03T11:00,36.2,92,29.6,1,0.0,0.0,0.0,0.0,3,100,1019.2,988.9,11.6,120,20.9
99,Goldwater Air National Guard Base,,33.42666666666666,-112.01194444444444,act,xlsx,,America/Phoenix,2026-03-03T09:00,68.3,25,63.9,1,0.0,0.0,0.0,0.0,0,0,1012.6,973.7,1.8,143,10.1
100,Gulfport Combat Readiness Training Center,,30.40722222222222,-89.07,act,xlsx,,America/Chicago,2026-03-03T10:00,67.2,92,68.3,1,0.0,0.0,0.0,0.0,3,100,1023.0,1022.3,16.4,119,33.1
101,Hall Air Guard Station,,31.329444444444444,-8.424166666666666,act,xlsx,,Africa/Casablanca,2026-03-03T16:00,53.9,44,44.9,1,0.0,0.0,0.0,0.0,2,64,1007.4,921.4,20.2,286,35.3
102,Hancock Field Air National Guard Base,,43.11138888888889,-76.1236111111111,act,xlsx,,America/New_York,2026-03-03T11:00,37.5,71,30.1,1,0.0,0.0,0.0,0.0,3,100,1027.3,1011.2,12.0,164,25.2
103,Harrisburg Air Station Middletown,,40.19361111111111,-76.76333333333334,act,xlsx,,America/New_York,2026-03-03T11:00,32.4,96,26.6,1,0.0,0.0,0.0,0.0,3,100,1031.0,1019.5,7.4,129,19.8
104,Homestead Air Reserve Base,,25.488333333333333,-80.38361111111112,act,xlsx,,America/New_York,2026-03-03T11:00,79.2,73,82.9,1,0.0,0.0,0.0,0.0,1,25,1022.0,1021.9,21.7,71,29.5
105,Hulman Field Air National Guard Base,,39.45138888888889,-87.30749999999999,act,xlsx,,America/Indiana/Indianapolis,2026-03-03T11:00,39.5,98,34.4,1,0.5,0.5,0.0,0.0,61,100,1018.9,997.3,9.5,61,10.8
106,Jackson Air National Guard Base,,32.31111111111111,-90.07583333333334,act,xlsx,,America/Chicago,2026-03-03T10:00,69.1,79,68.1,1,0.0,0.0,0.0,0.0,3,83,1021.3,1009.6,20.1,170,36.4
107,Jacksonville Air National Guard Base,,30.49416666666667,-81.68777777777778,act,xlsx,,America/New_York,2026-03-03T11:00,63.2,84,62.3,1,0.0,0.0,0.0,0.0,3,100,1026.1,1025.3,13.8,28,21.6
108,Jefferson Barracks Air National Guard Station,,38.50388888888889,-4.504444444444444,act,xlsx,,Europe/Madrid,2026-03-03T17:00,64.1,49,57.1,1,0.0,0.0,0.0,0.0,3,100,1009.7,937.2,21.3,84,45.0
109,Joe Foss Field Air National Guard Station,,43.581944444444446,-96.74194444444444,act,xlsx,,America/Chicago,2026-03-03T10:00,39.4,92,34.1,1,0.0,0.0,0.0,0.0,3,100,1016.6,964.2,9.0,113,11.2
110,Johnstown Air National Guard Station,,40.32305555555556,-6.313888888888889,act,xlsx,,Europe/Madrid,2026-03-03T17:00,62.8,50,59.2,1,0.0,0.0,0.0,0.0,1,21,1012.5,945.8,7.7,208,23.8
111,Key Field Air National Guard Base,,32.3325,-88.75194444444445,act,xlsx,,America/Chicago,2026-03-03T10:00,65.0,88,65.3,1,0.0,0.0,0.0,0.0,3,100,1022.2,1011.8,13.9,149,32.4
112,Kingsley Field Air National Guard Base,,42.15611111111111,-121.73305555555557,act,xlsx,,America/Los_Angeles,2026-03-03T08:00,30.6,100,25.8,1,0.0,0.0,0.0,0.0,45,100,1019.7,874.3,2.9,263,4.3
113,Lincoln Air National Guard Base,,40.85111111111111,-96.75916666666669,act,xlsx,,America/Chicago,2026-03-03T10:00,41.7,86,38.5,1,0.0,0.0,0.0,0.0,3,100,1015.6,972.0,1.1,108,2.5
114,Louisville Air National Guard Base,,38.17805555555555,-85.72472222222223,act,xlsx,,America/Kentucky/Louisville,2026-03-03T11:00,53.7,85,50.2,1,0.0,0.0,0.0,0.0,3,100,1019.4,1001.8,12.7,188,42.8
115,Mansfield Lahm Air National Guard Base,,40.81361111111111,-82.51666666666667,act,xlsx,,America/New_York,2026-03-03T11:00,38.9,97,33.0,1,0.0,0.0,0.0,0.0,3,100,1020.0,972.0,11.9,175,28.8
116,March Joint Air Reserve Base,,33.88055555555555,-117.25944444444444,act,xlsx,,America/Los_Angeles,2026-03-03T08:00,49.7,80,47.6,1,0.0,0.0,0.0,0.0,0,1,1015.6,960.9,2.2,90,5.8
117,McEntire Joint National Guard Base,,33.920833333333334,-80.80111111111111,act,xlsx,,America/New_York,2026-03-03T11:00,52.6,77,48.5,1,0.0,0.0,0.0,0.0,3,95,1030.0,1020.8,11.1,25,14.0
118,McGhee Tyson Air National Guard Base,,35.81083333333333,-83.99388888888889,act,xlsx,,America/New_York,2026-03-03T11:00,64.9,57,60.5,1,0.0,0.0,0.0,0.0,2,65,1024.2,990.0,15.9,218,27.0
119,McLaughlin Air National Guard Base,,38.37305555555555,-81.59305555555555,act,xlsx,,America/New_York,2026-03-03T11:00,57.2,72,54.9,1,0.0,0.0,0.0,0.0,3,100,1023.4,989.3,6.9,186,25.6
120,Memphis Air National Guard Base,,35.0425,-89.97666666666667,act,xlsx,,America/Chicago,2026-03-03T10:00,66.1,80,63.2,1,0.0,0.0,0.0,0.0,2,77,1020.0,1009.6,23.4,191,41.0
121,Minneapolis-Saint Paul Joint Air Reserve Station,,44.88166666666667,-93.23361111111112,act,xlsx,,America/Chicago,2026-03-03T10:00,40.2,86,35.2,1,0.0,0.0,0.0,0.0,3,100,1018.9,987.8,7.0,192,14.0
122,Moffett Federal Airfield,,37.415,-122.04833333333332,act,xlsx,,America/Los_Angeles,2026-03-03T08:00,55.3,93,55.1,1,0.0,0.0,0.0,0.0,3,100,1020.2,1019.8,4.7,122,10.4
123,Montgomery Air National Guard Base,,32.30444444444444,-86.40027777777779,act,xlsx,,America/Chicago,2026-03-03T10:00,64.2,81,61.6,1,0.0,0.0,0.0,0.0,3,100,1024.8,1017.7,20.2,121,31.7
124,Morris Air National Guard Base,,32.11527777777778,-110.93055555555556,act,xlsx,,America/Phoenix,2026-03-03T09:00,68.9,19,62.1,1,0.0,0.0,0.0,0.0,0,0,1012.6,923.8,7.6,161,9.0
125,New Castle Air National Guard Base,,39.68527777777778,-75.59916666666666,act,xlsx,,America/New_York,2026-03-03T11:00,35.9,97,31.4,1,0.0,0.0,0.0,0.0,3,100,1031.6,1029.3,4.8,27,11.5
126,New London Air National Guard Base,,35.41833333333333,-10.335555555555556,act,xlsx,,Etc/GMT+1,2026-03-03T15:00,57.7,78,50.9,1,0.0,0.0,0.0,0.0,3,100,1007.6,1007.6,27.0,93,45.0
127,Naval Air Station Joint Reserve Base New Orleans,,29.82527777777777,-90.035,act,xlsx,,America/Chicago,2026-03-03T10:00,76.2,70,78.9,1,0.0,0.0,0.0,0.0,0,9,1021.7,1021.9,16.1,132,20.9
128,Niagara Falls Air Reserve Station,,43.11333333333334,-78.9475,act,xlsx,,America/New_York,2026-03-03T11:00,37.6,78,32.4,1,0.0,0.0,0.0,0.0,3,100,1023.4,1000.3,4.9,54,5.4
129,North Highlands Air National Guard Station,,38.64,-121.4025,act,xlsx,,America/Los_Angeles,2026-03-03T08:00,46.5,98,45.2,1,0.0,0.0,0.0,0.0,3,89,1020.1,1017.7,1.0,315,6.8
130,North Smithfield Air National Guard Station,,41.97027777777778,-71.57555555555555,act,xlsx,,America/New_York,2026-03-03T11:00,29.0,64,21.0,1,0.0,0.0,0.0,0.0,2,52,1035.0,1016.1,9.6,167,23.4
131,Otis Air National Guard Base,,41.65861111111111,-70.5213888888889,act,xlsx,,America/New_York,2026-03-03T11:00,33.1,72,24.7,1,0.0,0.0,0.0,0.0,2,70,1036.3,1031.8,14.1,161,23.4
132,Pease Air National Guard Base,,43.07805555555556,-70.82333333333332,act,xlsx,,America/New_York,2026-03-03T11:00,34.9,33,24.6,1,0.0,0.0,0.0,0.0,3,100,1035.3,1032.3,18.0,200,30.6
133,Peoria Air National Guard Base,,40.660555555555554,-89.69555555555556,act,xlsx,,America/Chicago,2026-03-03T10:00,39.8,95,35.1,1,0.0,0.0,0.0,0.0,3,100,1018.2,994.3,7.5,145,16.2
134,Peterson Space Force Base,,38.82361111111111,-104.695,act,xlsx,,America/Denver,2026-03-03T09:00,47.7,53,36.4,1,0.0,0.0,0.0,0.0,0,0,1012.3,808.6,28.1,359,39.2
135,Pittsburgh International Airport Air Reserve Station,,40.49444444444445,-50.336666666666666,act,xlsx,,Etc/GMT+3,2026-03-03T13:00,40.8,69,28.7,1,0.0,0.0,0.0,0.0,2,75,1038.2,1038.2,31.2,326,42.1
136,Portland Air National Guard Base,,45.58222222222223,-122.58972222222222,act,xlsx,,America/Los_Angeles,2026-03-03T08:00,49.0,94,47.7,1,0.0,0.0,0.0,0.0,3,100,1019.5,1019.0,2.1,121,13.3
137,Quonset Point Air National Guard Station,,41.59722222222222,-71.41222222222223,act,xlsx,,America/New_York,2026-03-03T11:00,33.6,73,27.4,1,0.0,0.0,0.0,0.0,1,47,1035.5,1035.2,9.1,146,18.7
138,Reno Air National Guard Base,,39.49916666666667,-119.76805555555556,act,xlsx,,America/Los_Angeles,2026-03-03T08:00,36.2,71,31.4,1,0.0,0.0,0.0,0.0,0,0,1019.8,865.9,1.6,333,2.2
139,Rickenbacker Air National Guard Base,,39.81361111111111,-82.94666666666667,act,xlsx,,America/New_York,2026-03-03T11:00,44.9,92,40.7,1,0.0,0.0,0.0,0.0,3,100,1020.5,992.8,9.0,182,27.7
140,Roland R. Wright Air National Guard Base,,40.78833333333333,-111.97777777777776,act,xlsx,,America/Denver,2026-03-03T09:00,42.3,85,38.5,1,0.0,0.0,0.0,0.0,3,100,1023.0,875.9,3.8,221,7.9
141,Rosecrans Air National Guard Base,,39.77194444444444,-94.90944444444445,act,xlsx,,America/Chicago,2026-03-03T10:00,40.0,94,35.3,1,0.0,0.0,0.0,0.0,3,100,1015.6,985.4,7.6,82,16.9
142,San Diego Air National Guard Station,,32.83611111111112,-117.16055555555556,act,xlsx,,America/Los_Angeles,2026-03-03T08:00,56.4,86,56.7,1,0.0,0.0,0.0,0.0,0,16,1016.3,1000.1,1.5,166,6.8
143,Savannah Air National Guard Base,,32.1275,-81.20194444444445,act,xlsx,,America/New_York,2026-03-03T11:00,61.1,82,60.1,1,0.0,0.0,0.0,0.0,3,100,1027.8,1026.3,10.7,45,18.0
144,Schriever Space Force Base,,38.80333333333333,-104.52555555555556,act,xlsx,,America/Denver,2026-03-03T09:00,46.8,52,34.0,1,0.0,0.0,0.0,0.0,0,0,1012.0,806.3,33.1,12,42.8
145,Selfridge Air National Guard Base,,42.60833333333333,-82.83555555555554,act,xlsx,,America/Detroit,2026-03-03T11:00,35.0,72,28.7,1,0.0,0.0,0.0,0.0,3,100,1022.0,999.9,6.5,84,16.9
146,Sepulveda Air National Guard Station,,34.18583333333333,-5.974444444444445,act,xlsx,,Africa/Casablanca,2026-03-03T16:00,52.1,87,48.5,1,0.7,0.6,0.1,0.0,63,100,1009.4,1003.8,11.8,243,25.2
147,Shepherd Field Air National Guard Base,,39.401944444444446,-77.98444444444445,act,xlsx,,America/New_York,2026-03-03T11:00,35.4,98,27.7,1,0.0,0.0,0.0,0.0,3,100,1029.0,1008.4,16.6,139,30.6
148,Sioux City Air National Guard Base,,42.39833333333333,-96.37194444444444,act,xlsx,,America/Chicago,2026-03-03T10:00,41.2,88,36.0,1,0.0,0.0,0.0,0.0,3,100,1016.4,975.8,9.2,169,10.4
149,South Portland Air National Guard Station,,43.63333333333333,-10.171666666666669,act,xlsx,,Etc/GMT+1,2026-03-03T15:00,55.8,91,53.7,1,0.0,0.0,0.0,0.0,0,0,1017.1,1017.1,12.1,23,16.9
150,Springfield Air National Guard Base,,39.84027777777778,-83.84027777777777,act,xlsx,,America/New_York,2026-03-03T11:00,47.6,85,41.6,1,0.0,0.0,0.0,0.0,3,100,1019.9,981.6,16.7,199,37.1
151,Stewart Air National Guard Base,,41.50416666666667,-74.10472222222222,act,xlsx,,America/New_York,2026-03-03T11:00,30.7,89,23.6,1,0.1,0.0,0.0,0.07,73,100,1032.2,1014.3,10.2,132,25.9
152,Stratton Air National Guard Base,,42.8525,-73.9225,act,xlsx,,America/New_York,2026-03-03T11:00,30.4,61,22.3,1,0.0,0.0,0.0,0.0,3,100,1031.1,1017.5,9.9,136,20.2
153,Sumpter Smith Air National Guard Base,,33.56388888888888,-86.75222222222222,act,xlsx,,America/Chicago,2026-03-03T10:00,62.6,78,58.7,1,0.0,0.0,0.0,0.0,2,61,1023.5,1001.6,21.7,140,38.5
154,Toledo Air National Guard Base,,41.586666666666666,-6.3966666666666665,act,xlsx,,Europe/Lisbon,2026-03-03T16:00,60.5,47,53.0,1,0.0,0.0,0.0,0.0,1,19,1014.3,929.5,19.2,73,36.7
155,Truax Field Air National Guard Base,,43.13972222222222,-89.33749999999999,act,xlsx,,America/Chicago,2026-03-03T10:00,39.6,73,33.6,1,0.0,0.0,0.0,0.0,3,100,1019.6,987.6,8.3,180,14.0
156,Tulsa Air National Guard Base,,36.19833333333333,-95.88805555555555,act,xlsx,,America/Chicago,2026-03-03T10:00,68.8,79,66.6,1,0.0,0.0,0.0,0.0,3,90,1012.1,989.9,24.3,188,51.1
157,Volk Field Air National Guard Base,,43.936388888888885,-90.25972222222222,act,xlsx,,America/Chicago,2026-03-03T10:00,41.2,68,36.5,1,0.0,0.0,0.0,0.0,1,20,1019.6,985.9,3.1,144,7.2
158,Volunteer Air National Guard Station,,35.07333333333334,-92.41916666666668,act,xlsx,,America/Chicago,2026-03-03T10:00,59.7,82,57.9,1,0.0,0.0,0.0,0.0,3,100,1018.4,1006.5,12.0,196,31.7
159,Warfield Air National Guard Base,,39.32555555555556,-39.27333333333333,act,xlsx,,Etc/GMT+3,2026-03-03T13:00,55.7,74,46.5,1,0.1,0.1,0.0,0.0,61,100,1028.1,1028.1,32.6,354,46.4
160,Westover Air Reserve Base,,42.193888888888885,-72.53472222222221,act,xlsx,,America/New_York,2026-03-03T11:00,27.8,69,21.2,1,0.0,0.0,0.0,0.0,3,100,1033.8,1024.6,4.4,171,16.9
161,Will Rogers Air National Guard Base,,35.39305555555556,-97.60083333333333,act,xlsx,,America/Chicago,2026-03-03T10:00,69.9,59,61.1,1,0.0,0.0,0.0,0.0,0,8,1010.1,965.5,39.5,193,60.1
162,Wyoming Air National Guard Base,,41.16138888888889,-104.81944444444444,act,xlsx,,America/Denver,2026-03-03T09:00,38.5,94,31.2,1,0.0,0.0,0.0,0.0,3,100,1017.5,811.6,16.6,360,26.3
163,Youngstown Air Reserve Station,,41.26055555555556,-65.34444444444443,act,xlsx,,Etc/GMT+4,2026-03-03T12:00,36.1,69,26.0,1,0.0,0.0,0.0,0.0,2,58,1038.7,1038.7,21.3,154,26.6
164,Zanesville Air National Guard Base,,39.94638888888888,-7.364722222222221,act,xlsx,,Europe/Lisbon,2026-03-03T16:00,64.5,51,58.2,1,0.0,0.0,0.0,0.0,1,37,1012.6,972.7,19.9,86,40.0
165,Guantanamo Bay Naval Base,,19.9,-75.15,act,xlsx,,America/New_York,2026-03-03T11:00,85.7,56,90.7,1,0.0,0.0,0.0,0.0,1,37,1016.3,1012.3,16.2,90,25.9
166,Hato International Airport,,12.18888888888889,-68.95972222222223,act,xlsx,,America/Curacao,2026-03-03T12:00,81.7,72,82.9,1,0.0,0.0,0.0,0.0,2,45,1012.0,1011.2,38.8,107,53.6
167,Muñiz Air National Guard Base,,18.439444444444444,-66.00194444444445,act,xlsx,,America/Puerto_Rico,2026-03-03T12:00,86.6,49,87.4,1,0.0,0.0,0.0,0.0,2,76,1017.5,1017.4,25.2,100,48.2
168,Punta Borinquen Radar Station,,18.485,-67.14888888888889,act,xlsx,,America/Puerto_Rico,2026-03-03T12:00,87.7,45,91.6,1,0.0,0.0,0.0,0.0,2,61,1016.5,1007.8,13.7,90,20.9
169,Punta Salinas Air National Guard Station,,18.375,-66.26166666666667,act,xlsx,,America/Puerto_Rico,2026-03-03T12:00,83.3,47,82.8,1,0.0,0.0,0.0,0.0,2,75,1017.5,1004.0,23.7,100,51.8
170,Queen Beatrix International Airport,,12.501388888888888,-70.01527777777778,act,xlsx,,America/Aruba,2026-03-03T12:00,81.1,76,82.8,1,0.0,0.0,0.0,0.0,2,46,1011.6,1010.7,39.0,104,52.6
171,Soto Cano Air Base,,14.3825,-87.6211111111111,act,xlsx,,America/Tegucigalpa,2026-03-03T10:00,74.4,60,76.0,1,0.0,0.0,0.0,0.0,1,33,1016.8,946.7,15.4,344,36.0
172,St Croix Air National Guard Station,,17.706666666666667,-3.08,act,xlsx,,Africa/Bamako,2026-03-03T16:00,87.0,20,83.4,1,0.0,0.0,0.0,0.0,3,100,1010.3,979.7,5.4,86,10.1
173,Ämari Air Base,,59.26222222222222,24.21861111111111,act,xlsx,,Europe/Tallinn,2026-03-03T18:00,35.5,97,26.9,0,0.0,0.0,0.0,0.0,3,100,1014.8,1012.3,19.8,196,44.3
174,Aviano Air Base,,46.03138888888889,12.596944444444444,act,xlsx,,Europe/Rome,2026-03-03T17:00,53.3,86,52.1,1,0.0,0.0,0.0,0.0,80,100,1027.2,1013.4,3.7,331,11.2
175,Büchel Air Base,,50.17638888888889,7.057777777777778,act,xlsx,,Europe/Berlin,2026-03-03T17:00,56.2,66,52.8,1,0.0,0.0,0.0,0.0,0,0,1025.8,969.3,7.9,218,16.2
176,Camp Darby,,43.63333333333333,10.316666666666666,act,xlsx,,Europe/Rome,2026-03-03T17:00,59.1,78,57.8,1,0.0,0.0,0.0,0.0,3,77,1025.5,1024.5,7.6,245,16.2
177,Camp Lemonnier,,11.543611111111112,43.14861111111111,act,xlsx,,Africa/Djibouti,2026-03-03T19:00,79.0,77,84.3,0,0.0,0.0,0.0,0.0,1,38,1010.9,1009.3,12.9,77,27.7
178,Camp Simba,,-2.165555555555556,8.681388888888888,act,xlsx,,Etc/GMT-1,2026-03-03T17:00,82.1,82,89.3,1,0.0,0.0,0.0,0.0,3,100,1008.5,1008.5,16.8,189,24.8
179,Câmpia Turzii (71st Air Base),,46.50333333333333,23.885277777777777,act,xlsx,,Europe/Bucharest,2026-03-03T18:00,51.9,38,45.6,1,0.0,0.0,0.0,0.0,0,0,1026.0,986.5,6.9,351,16.6
180,Chabelley Airfield,,11.516666666666667,43.06666666666667,act,xlsx,,Africa/Djibouti,2026-03-03T19:00,78.2,77,83.0,0,0.0,0.0,0.0,0.0,1,38,1010.9,1000.8,12.9,77,27.7
181,Chièvres Air Base,,50.58583333333333,58.06388888888888,act,xlsx,,Asia/Aqtobe,2026-03-03T21:00,26.6,93,15.8,0,0.0,0.0,0.0,0.0,3,100,1016.9,962.3,22.9,196,32.8
182,Einsiedlerhof Air Station,,49.42833333333333,7.1175,act,xlsx,,Europe/Berlin,2026-03-03T17:00,58.6,67,57.3,1,0.0,0.0,0.0,0.0,0,0,1026.0,989.3,2.5,275,7.6
183,Ghedi Air Base,,45.43111111111111,57.17111111111111,act,xlsx,,Asia/Aqtobe,2026-03-03T21:00,35.7,80,28.9,0,0.0,0.0,0.0,0.0,3,95,1021.3,1010.3,10.1,182,15.5
184,Incirlik Air Base,,37.00194444444445,35.42583333333333,act,xlsx,,Europe/Istanbul,2026-03-03T19:00,56.4,40,50.9,0,0.0,0.0,0.0,0.0,1,18,1021.5,1014.0,6.4,223,20.9
185,Izmir Air Station,,38.4575,27.17027777777778,act,xlsx,,Europe/Istanbul,2026-03-03T19:00,58.9,67,57.0,1,0.0,0.0,0.0,0.0,2,70,1023.3,1022.9,5.4,270,16.9
186,Kleine Brogel Air Base,,51.16944444444445,5.091111111111111,act,xlsx,,Europe/Brussels,2026-03-03T17:00,62.2,56,59.7,1,0.0,0.0,0.0,0.0,0,0,1026.0,1021.9,5.8,321,11.2
187,Lajes Field,,38.76166666666666,-27.09055555555556,act,xlsx,,Atlantic/Azores,2026-03-03T15:00,64.7,77,64.6,1,0.0,0.0,0.0,0.0,3,89,1026.1,1020.1,9.8,234,23.8
188,Łask Air Base,,51.55138888888889,76.31944444444444,act,xlsx,,Asia/Qyzylorda,2026-03-03T21:00,20.4,91,13.6,0,0.0,0.0,0.0,0.0,71,79,1025.6,1006.2,4.7,238,6.5
189,Morón Air Base,,37.17472222222222,-5.615833333333333,act,xlsx,,Europe/Madrid,2026-03-03T17:00,69.2,52,66.4,1,0.0,0.0,0.0,0.0,2,49,1008.1,998.4,12.0,49,28.1
190,NATO Air Base Geilenkirchen,,50.96083333333333,6.0425,act,xlsx,,Europe/Berlin,2026-03-03T17:00,63.5,52,60.7,1,0.0,0.0,0.0,0.0,0,0,1025.9,1016.1,6.1,346,14.0
191,RAF Akrotiri,,34.583333333333336,32.983333333333334,act,xlsx,,Asia/Nicosia,2026-03-03T18:00,59.8,63,54.8,0,0.0,0.0,0.0,0.0,1,41,1022.5,1018.6,16.3,262,28.8
192,RAF Alconbury,,52.37083333333334,-27.00361111111112,act,xlsx,,Etc/GMT+2,2026-03-03T14:00,42.2,72,28.0,1,0.0,0.0,0.0,0.0,3,100,1009.3,1009.3,40.3,272,58.3
193,RAF Barford St John,,52.00361111111111,-1.36,act,xlsx,,Europe/London,2026-03-03T16:00,52.5,73,47.9,1,0.0,0.0,0.0,0.0,3,99,1027.4,1013.0,11.5,82,22.0
194,RAF Croughton,,51.9875,-1.1861111111111111,act,xlsx,,Europe/London,2026-03-03T16:00,52.1,73,47.6,1,0.0,0.0,0.0,0.0,3,97,1027.4,1010.9,11.2,76,20.9
195,RAF Fairford,,51.68222222222222,-1.7899999999999998,act,xlsx,,Europe/London,2026-03-03T16:00,54.0,73,49.4,1,0.0,0.0,0.0,0.0,3,95,1026.9,1016.9,13.0,74,23.0
196,RAF Feltwell,,52.47944444444445,0.5191666666666667,act,xlsx,,Europe/London,2026-03-03T16:00,52.1,65,46.9,1,0.0,0.0,0.0,0.0,3,91,1028.4,1026.8,11.2,76,20.2
197,RAF Lakenheath,,52.40833333333333,0.5566666666666668,act,xlsx,,Europe/London,2026-03-03T16:00,52.6,63,47.7,1,0.0,0.0,0.0,0.0,0,5,1028.3,1027.4,9.7,82,18.4
198,RAF Menwith Hill,,54.007777777777775,-35.028055555555554,act,xlsx,,Etc/GMT+2,2026-03-03T14:00,30.7,73,12.3,1,0.1,0.0,0.0,0.0,85,100,1004.3,1004.3,51.0,254,79.6
199,RAF Mildenhall,,52.365,0.4808333333333333,act,xlsx,,Europe/London,2026-03-03T16:00,53.1,62,47.6,1,0.0,0.0,0.0,0.0,2,58,1028.2,1027.3,12.2,78,22.7
200,RAF Molesworth,,52.379444444444445,-0.405,act,xlsx,,Europe/London,2026-03-03T16:00,51.6,72,47.0,1,0.0,0.0,0.0,0.0,3,100,1028.1,1019.2,10.4,56,19.1
201,RAF Welford,,51.46833333333333,-1.403611111111111,act,xlsx,,Europe/London,2026-03-03T16:00,55.0,72,51.8,1,0.0,0.0,0.0,0.0,3,95,1026.7,1008.7,8.6,88,17.3
202,Ramstein Air Base,,49.443888888888885,10.126666666666669,act,xlsx,,Europe/Berlin,2026-03-03T17:00,54.3,59,51.0,1,0.0,0.0,0.0,0.0,1,45,1026.1,988.9,3.6,45,7.9
203,Spangdahlem Air Base,,49.97583333333333,6.697222222222223,act,xlsx,,Europe/Berlin,2026-03-03T17:00,59.8,56,57.3,1,0.0,0.0,0.0,0.0,0,0,1025.9,983.9,3.6,257,12.6
204,Stavanger,,58.9075,5.721666666666667,act,xlsx,,Europe/Oslo,2026-03-03T17:00,44.2,83,36.6,1,0.0,0.0,0.0,0.0,3,100,1024.0,1015.2,19.4,271,39.2
205,Volkel Air Base,,51.657222222222224,5.690833333333334,act,xlsx,,Europe/Amsterdam,2026-03-03T17:00,61.0,61,58.2,1,0.0,0.0,0.0,0.0,0,0,1026.2,1022.9,8.3,344,14.8
206,Abdullah Al Mubarak Air Base (Cargo City),,29.226666666666667,47.98,act,xlsx,,Asia/Kuwait,2026-03-03T19:00,64.9,18,56.8,0,0.0,0.0,0.0,0.0,2,57,1016.7,1010.9,10.7,315,23.0
207,Al Dhafra Air Base,,24.24805555555556,54.5475,act,xlsx,,Asia/Dubai,2026-03-03T20:00,81.2,49,82.3,0,0.0,0.0,0.0,0.0,1,36,1010.1,1007.8,8.9,14,18.4
208,Al Udeid Air Base,,25.11722222222222,51.31472222222222,act,xlsx,,Asia/Qatar,2026-03-03T19:00,66.9,75,63.0,0,0.0,0.0,0.0,0.0,3,100,1013.2,1009.1,26.3,347,40.3
209,Muwaffaq Salti Air Base,,31.834166666666665,36.78722222222222,act,xlsx,,Asia/Amman,2026-03-03T19:00,60.4,20,52.9,0,0.0,0.0,0.0,0.0,0,0,1020.4,960.2,7.9,317,11.9
210,Prince Sultan Air Base,,24.05527777777778,47.56361111111111,act,xlsx,,Asia/Riyadh,2026-03-03T19:00,54.8,76,49.3,0,0.2,0.0,0.2,0.0,80,79,1016.3,958.0,18.4,360,28.8
